Date (MM/DD/YYYY),Time (HH:mm:ss),Time (Fract. Sec),Site Name,Cond µS/cm,Depth m,nLF Cond µS/cm,ODO % sat,ODO % local,ODO mg/L,Pressure psi a,Sal psu,SpCond µS/cm,TDS mg/L,Turbidity FNU,TSS mg/L,pH,pH mV,Temp °C,Vertical Position m,GPS Latitude °,GPS Longitude °,Altitude m,Battery V,Cable Pwr V,Barometer mmHg
10/31/2022,08:09:31,0.0,SQ03,254.0,0.080,276.2,83.6,83.0,7.43,0.113,0.13,274.2,178,5.72,0,8.90,-121.5,21.128,0.091,89.99999,180.00000,99.9,2.88,12.1,764.1
10/31/2022,10:23:00,0.0,SQ03,49296.3,0.072,54907.7,97.3,96.6,7.14,0.105,36.08,54430.3,35380,209.27,0,7.77,-66.2,20.062,0.056,89.99999,180.00000,99.9,2.87,12.1,763.6
10/31/2022,10:23:13,0.0,SQ03,49321.3,0.072,54938.7,97.3,96.6,7.14,0.105,36.11,54460.8,35400,106.47,0,7.78,-66.6,20.059,0.053,89.99999,180.00000,99.9,2.87,12.1,763.6
10/31/2022,10:23:23,0.0,SQ03,49349.6,0.072,54969.8,97.2,96.6,7.14,0.106,36.13,54491.7,35420,13.96,0,7.79,-67.1,20.059,0.088,89.99999,180.00000,99.9,2.87,12.1,763.6
10/31/2022,10:23:50,0.0,SQ03,49416.4,0.072,54918.0,97.4,96.8,7.14,0.106,36.10,54448.8,35392,37.86,0,7.83,-69.4,20.161,0.085,89.99999,180.00000,99.9,2.87,12.1,763.6
10/31/2022,10:23:58,0.0,SQ03,49436.6,0.072,54918.6,97.1,96.5,7.12,0.105,36.10,54451.0,35393,37.12,0,7.83,-69.4,20.178,0.067,89.99999,180.00000,99.9,2.87,12.1,763.6
10/31/2022,10:24:12,0.0,SQ03,49373.3,0.072,54835.6,96.9,96.2,7.10,0.106,36.04,54369.5,35340,33.85,0,7.83,-69.5,20.189,0.082,89.99999,180.00000,99.9,2.87,12.1,763.6
10/31/2022,10:24:32,0.0,SQ03,48797.8,0.072,54236.6,96.8,96.2,7.12,0.106,35.59,53772.9,34952,132.86,0,7.85,-70.6,20.157,0.069,89.99999,180.00000,99.9,2.87,12.1,763.5
10/31/2022,10:24:46,0.0,SQ03,49536.0,0.073,55008.8,96.9,96.2,7.09,0.107,36.17,54541.7,35452,40.45,0,7.85,-70.5,20.195,0.071,89.99999,180.00000,99.9,2.87,12.1,763.6
10/31/2022,10:24:52,0.0,SQ03,49502.9,0.073,54966.5,96.8,96.2,7.09,0.106,36.14,54500.2,35425,43.15,0,7.85,-70.5,20.199,0.081,89.99999,180.00000,99.9,2.87,12.1,763.6
10/31/2022,10:25:12,0.0,SQ03,49334.9,0.072,54993.1,96.7,96.0,7.10,0.105,36.14,54512.0,35433,48.04,0,7.87,-71.4,20.027,0.085,89.99999,180.00000,99.9,2.87,12.1,763.6
10/31/2022,10:25:20,0.0,SQ03,49349.7,0.072,55033.3,96.9,96.3,7.12,0.105,36.17,54550.3,35458,49.04,0,7.87,-71.3,20.009,0.070,89.99999,180.00000,99.9,2.87,12.1,763.5
10/31/2022,10:25:27,0.0,SQ03,49354.1,0.071,55034.8,97.0,96.3,7.12,0.103,36.17,54552.1,35459,47.90,0,7.86,-71.2,20.011,0.052,89.99999,180.00000,99.9,2.87,12.1,763.6
10/31/2022,10:25:45,0.0,SQ03,49325.7,0.072,55039.9,97.1,96.5,7.14,0.105,36.18,54554.6,35460,140.20,0,7.87,-71.8,19.982,0.068,89.99999,180.00000,99.9,2.87,12.1,763.5
10/31/2022,10:25:52,0.0,SQ03,49310.2,0.072,55033.9,97.2,96.5,7.14,0.104,36.17,54547.9,35456,127.28,0,7.87,-71.7,19.973,0.068,89.99999,180.00000,99.9,2.87,12.1,763.4
10/31/2022,10:25:58,0.0,SQ03,49321.4,0.072,55036.0,97.2,96.5,7.14,0.105,36.17,54550.7,35458,112.83,0,7.87,-71.6,19.981,0.063,89.99999,180.00000,99.9,2.87,12.1,763.5
10/31/2022,10:50:18,0.0,SQ03,45954.9,0.071,51692.5,101.8,101.1,7.64,0.103,33.70,51209.2,33286,536.27,0,8.09,-84.0,19.628,0.060,89.99999,180.00000,99.9,2.87,12.1,763.4
10/31/2022,10:50:26,0.0,SQ03,45952.5,0.071,51683.4,101.8,101.1,7.64,0.103,33.69,51200.7,33280,537.46,0,8.09,-83.9,19.633,0.069,89.99999,180.00000,99.9,2.87,12.1,763.4
10/31/2022,10:50:38,0.0,SQ03,45928.8,0.070,51645.8,101.8,101.1,7.64,0.102,33.66,51164.1,33257,529.43,0,8.09,-83.8,19.643,0.065,89.99999,180.00000,99.9,2.87,12.1,763.5
10/31/2022,15:24:06,0.0,SQ03,41466.2,0.039,47059.2,111.4,110.6,8.59,0.057,30.32,46592.5,30285,976.95,0,7.65,-59.4,19.240,0.052,89.99999,180.00000,99.9,2.87,12.1,761.1
10/31/2022,15:24:24,0.0,SQ03,41228.2,0.039,46815.6,112.1,111.3,8.65,0.056,30.15,46349.6,30127,1015.85,0,7.65,-59.4,19.215,0.044,89.99999,180.00000,99.9,2.87,12.1,761.0
10/31/2022,15:24:32,0.0,SQ03,41195.9,0.039,46754.3,112.4,111.6,8.68,0.057,30.10,46290.5,30089,1015.87,0,7.65,-59.4,19.238,0.033,89.99999,180.00000,99.9,2.87,12.1,760.9
10/31/2022,15:56:09,0.0,SQ03,50239.2,0.037,55567.7,102.3,101.6,7.45,0.054,36.59,55111.2,35822,52.98,0,8.06,-82.4,20.372,0.056,89.99999,180.00000,99.9,2.87,12.1,760.8
10/31/2022,15:56:14,0.0,SQ03,50248.7,0.037,55575.6,102.4,101.7,7.45,0.054,36.60,55119.2,35827,60.17,0,8.06,-82.4,20.374,0.048,89.99999,180.00000,99.9,2.87,12.1,760.9
10/31/2022,15:56:20,0.0,SQ03,50248.8,0.037,55571.2,102.5,101.8,7.46,0.054,36.59,55115.1,35825,71.88,0,8.06,-82.4,20.377,0.029,89.99999,180.00000,99.9,2.87,12.1,760.8
10/31/2022,15:57:16,0.0,SQ03,50427.6,0.037,55015.1,102.8,102.1,7.41,0.054,36.22,54616.8,35501,75.74,0,8.03,-80.8,20.984,0.044,89.99999,180.00000,99.9,2.87,12.1,760.8
10/31/2022,15:57:21,0.0,SQ03,50411.5,0.038,55000.2,102.7,102.0,7.41,0.055,36.21,54601.8,35491,89.73,0,8.03,-80.6,20.982,0.027,89.99999,180.00000,99.9,2.87,12.1,760.7
10/31/2022,15:57:26,0.0,SQ03,50405.0,0.037,54993.9,102.6,101.9,7.40,0.054,36.20,54595.4,35487,106.69,0,8.02,-80.3,20.981,0.023,89.99999,180.00000,99.9,2.87,12.1,760.7
10/31/2022,15:58:04,0.0,SQ03,50345.3,0.034,55226.4,102.2,101.5,7.40,0.050,36.36,54804.8,35623,482.53,0,8.07,-82.5,20.740,0.021,89.99999,180.00000,99.9,2.87,12.1,760.7
10/31/2022,15:58:07,0.0,SQ03,50349.4,0.035,55227.3,102.2,101.5,7.40,0.051,36.36,54805.9,35624,404.92,0,8.07,-82.6,20.743,0.040,89.99999,180.00000,99.9,2.87,12.1,760.7
10/31/2022,15:58:22,0.0,SQ03,50351.5,0.035,55223.3,102.2,101.5,7.40,0.051,36.36,54802.4,35622,328.50,0,8.07,-82.6,20.748,0.047,89.99999,180.00000,99.9,2.87,12.1,760.7
10/31/2022,15:59:04,0.0,SQ03,50346.4,0.035,54883.5,102.4,101.7,7.39,0.050,36.12,54489.3,35418,290.95,0,8.05,-81.7,21.019,0.027,89.99999,180.00000,99.9,2.87,12.1,760.6
10/31/2022,15:59:11,0.0,SQ03,50436.1,0.034,54981.5,102.3,101.6,7.38,0.050,36.20,54586.5,35481,247.47,0,8.05,-81.5,21.019,0.039,89.99999,180.00000,99.9,2.87,12.1,760.6
10/31/2022,15:59:16,0.0,SQ03,50444.8,0.035,54990.8,102.3,101.6,7.37,0.051,36.20,54595.8,35487,542.95,0,8.04,-81.3,21.019,0.042,89.99999,180.00000,99.9,2.87,12.1,760.7
10/31/2022,15:59:56,0.0,SQ03,49982.0,0.034,54945.0,102.4,101.7,7.44,0.050,36.15,54517.2,35436,258.94,0,8.06,-82.4,20.645,0.033,89.99999,180.00000,99.9,2.87,12.1,760.6
10/31/2022,16:00:01,0.0,SQ03,49677.9,0.035,54608.1,102.5,101.8,7.45,0.050,35.90,54183.1,35219,282.40,0,8.06,-82.4,20.647,0.040,89.99999,180.00000,99.9,2.87,12.1,760.7
10/31/2022,16:00:07,0.0,SQ03,49247.1,0.035,54129.4,102.5,101.8,7.47,0.051,35.54,53708.5,34911,293.21,0,8.06,-82.5,20.651,0.037,89.99999,180.00000,99.9,2.87,12.1,760.8
10/31/2022,16:01:47,0.0,SQ03,50377.4,0.036,55093.3,102.1,101.4,7.38,0.052,36.27,54684.8,35545,392.46,0,8.36,-98.8,20.876,0.035,89.99999,180.00000,99.9,2.87,12.1,760.7
10/31/2022,16:01:53,0.0,SQ03,50385.0,0.035,55097.8,102.1,101.4,7.38,0.051,36.27,54689.5,35548,685.72,0,8.36,-98.9,20.879,0.029,89.99999,180.00000,99.9,2.87,12.1,760.6
10/31/2022,16:01:56,0.0,SQ03,50395.2,0.035,55108.2,102.1,101.4,7.38,0.052,36.28,54699.9,35555,620.81,0,8.36,-98.9,20.880,0.038,89.99999,180.00000,99.9,2.87,12.1,760.7
10/31/2022,16:02:26,0.0,SQ03,50424.4,0.035,55169.5,102.3,101.5,7.39,0.051,36.32,54758.6,35593,374.11,0,8.34,-98.1,20.856,0.047,89.99999,180.00000,99.9,2.87,12.1,760.6
10/31/2022,16:02:32,0.0,SQ03,50428.0,0.035,55171.4,102.1,101.4,7.38,0.051,36.33,54760.6,35594,204.90,0,8.34,-98.1,20.858,0.047,89.99999,180.00000,99.9,2.87,12.1,760.6
10/31/2022,16:02:37,0.0,SQ03,50428.2,0.035,55171.4,102.1,101.4,7.38,0.051,36.33,54760.6,35594,183.89,0,8.34,-98.0,20.858,0.046,89.99999,180.00000,99.9,2.87,12.1,760.6
10/31/2022,16:03:19,0.0,SQ03,50090.8,0.034,55311.2,102.1,101.4,7.43,0.049,36.41,54863.2,35661,7120.64,0,8.27,-93.7,20.446,0.031,89.99999,180.00000,99.9,2.87,12.1,760.6
10/31/2022,16:03:25,0.0,SQ03,50086.1,0.034,55278.8,102.1,101.4,7.43,0.049,36.38,54833.0,35641,4471.28,0,8.27,-93.7,20.468,0.019,89.99999,180.00000,99.9,2.87,12.1,760.6
10/31/2022,16:03:29,0.0,SQ03,50083.9,0.034,55262.4,102.1,101.4,7.42,0.050,36.37,54817.6,35631,3371.29,0,8.27,-93.7,20.479,0.030,89.99999,180.00000,99.9,2.87,12.1,760.6
10/31/2022,16:04:03,0.0,SQ03,50366.8,0.035,55323.6,102.5,101.8,7.43,0.051,36.43,54896.0,35682,485.38,0,8.36,-98.8,20.680,0.032,89.99999,180.00000,99.9,2.87,12.1,760.7
10/31/2022,16:04:07,0.0,SQ03,50366.3,0.035,55286.9,102.3,101.6,7.41,0.051,36.40,54862.2,35660,339.17,0,8.36,-98.8,20.709,0.045,89.99999,180.00000,99.9,2.87,12.1,760.7
10/31/2022,16:04:11,0.0,SQ03,50367.0,0.035,55290.6,102.1,101.4,7.39,0.051,36.41,54865.6,35663,360.32,0,8.36,-98.9,20.707,0.039,89.99999,180.00000,99.9,2.87,12.1,760.6
10/31/2022,16:04:46,0.0,SQ03,50548.0,0.035,55212.1,101.8,101.1,7.34,0.051,36.36,54807.5,35625,4343.18,0,8.39,-100.5,20.931,0.049,89.99999,180.00000,99.9,2.87,12.1,760.8
10/31/2022,16:04:58,0.0,SQ03,50535.1,0.035,55203.4,101.6,100.9,7.33,0.051,36.35,54798.5,35619,1889.59,0,8.39,-100.4,20.927,0.053,89.99999,180.00000,99.9,2.87,12.1,760.6
10/31/2022,16:05:03,0.0,SQ03,50541.3,0.035,55210.1,101.6,100.8,7.33,0.051,36.36,54805.2,35623,665.54,0,8.39,-100.5,20.927,0.043,89.99999,180.00000,99.9,2.87,12.1,760.6
10/31/2022,16:06:12,0.0,SQ03,50668.5,0.034,55698.6,101.0,100.4,7.31,0.050,36.70,55265.0,35922,1331.65,0,8.32,-96.5,20.645,0.045,89.99999,180.00000,99.9,2.87,12.1,760.6
10/31/2022,16:06:19,0.0,SQ03,50656.7,0.034,55704.3,101.1,100.4,7.32,0.050,36.71,55269.3,35925,1145.85,0,8.33,-97.4,20.630,0.039,89.99999,180.00000,99.9,2.87,12.1,760.6
10/31/2022,16:06:28,0.0,SQ03,50562.1,0.034,55611.6,101.1,100.4,7.32,0.050,36.64,55176.6,35865,2280.24,0,8.34,-98.0,20.621,0.043,89.99999,180.00000,99.9,2.87,12.1,760.7
10/31/2022,16:07:07,0.0,SQ03,50277.8,0.033,55385.3,101.6,100.9,7.38,0.048,36.47,54946.0,35715,15551.73,0,8.35,-98.5,20.552,0.030,89.99999,180.00000,99.9,2.87,12.1,760.6
10/31/2022,16:07:11,0.0,SQ03,50280.6,0.033,55380.7,101.6,100.9,7.37,0.049,36.46,54942.0,35712,14680.88,0,8.35,-98.5,20.558,0.038,89.99999,180.00000,99.9,2.87,12.1,760.7
10/31/2022,16:07:17,0.0,SQ03,50295.4,0.033,55391.3,101.6,100.9,7.37,0.049,36.47,54952.8,35719,12386.03,0,8.35,-98.5,20.563,0.029,89.99999,180.00000,99.9,2.87,12.1,760.5
10/31/2022,16:07:21,0.0,SQ03,50295.2,0.033,55387.6,101.5,100.8,7.37,0.048,36.47,54949.4,35717,10508.34,0,8.35,-98.4,20.565,0.040,89.99999,180.00000,99.9,2.87,12.1,760.6
10/31/2022,16:07:56,0.0,SQ03,50495.7,0.032,54953.4,101.8,101.1,7.33,0.047,36.18,54565.5,35468,489.95,0,8.28,-94.5,21.095,0.046,89.99999,180.00000,99.9,2.87,12.1,760.7
10/31/2022,16:07:59,0.0,SQ03,50503.6,0.032,54965.6,101.7,101.0,7.33,0.047,36.19,54577.3,35475,480.21,0,8.28,-94.4,21.092,0.027,89.99999,180.00000,99.9,2.87,12.1,760.6
10/31/2022,16:08:03,0.0,SQ03,50505.6,0.032,54970.3,101.7,101.0,7.32,0.047,36.19,54581.7,35478,495.94,0,8.28,-94.4,21.090,0.043,89.99999,180.00000,99.9,2.87,12.1,760.6
10/31/2022,16:08:31,0.0,SQ03,50272.0,0.035,55123.0,101.4,100.7,7.34,0.050,36.28,54703.8,35557,1140.36,0,8.34,-97.6,20.758,0.037,89.99999,180.00000,99.9,2.87,12.1,760.6
10/31/2022,16:08:42,0.0,SQ03,50290.5,0.035,55132.5,101.4,100.7,7.34,0.051,36.29,54714.0,35564,25237.36,0,8.34,-97.8,20.767,0.032,89.99999,180.00000,99.9,2.87,12.1,760.6
10/31/2022,16:08:46,0.0,SQ03,50295.6,0.035,55136.5,101.4,100.7,7.34,0.051,36.29,54718.1,35567,25274.55,0,8.34,-97.9,20.768,0.032,89.99999,180.00000,99.9,2.87,12.1,760.7
10/31/2022,16:09:20,0.0,SQ03,50526.3,0.034,55165.9,101.3,100.6,7.31,0.049,36.33,54763.3,35596,1326.30,0,8.37,-99.6,20.949,0.030,89.99999,180.00000,99.9,2.87,12.1,760.6
10/31/2022,16:09:26,0.0,SQ03,50530.4,0.034,55172.2,101.2,100.5,7.30,0.049,36.33,54769.4,35600,998.44,0,8.37,-99.6,20.948,0.029,89.99999,180.00000,99.9,2.87,12.1,760.6
10/31/2022,16:09:33,0.0,SQ03,50529.0,0.034,55167.7,101.1,100.4,7.29,0.049,36.33,54765.2,35597,494.21,0,8.37,-99.7,20.950,0.023,89.99999,180.00000,99.9,2.87,12.1,760.6
10/31/2022,16:10:34,0.0,SQ03,50554.8,0.033,55225.3,101.0,100.3,7.29,0.049,36.37,54820.2,35633,354.00,0,8.22,-91.2,20.926,0.030,89.99999,180.00000,99.9,2.87,12.1,760.6
10/31/2022,16:10:41,0.0,SQ03,50573.9,0.033,55259.2,101.1,100.4,7.30,0.048,36.39,54853.0,35654,257.23,0,8.23,-91.8,20.916,0.047,89.99999,180.00000,99.9,2.87,12.1,760.5
10/31/2022,16:10:57,0.0,SQ03,50580.0,0.033,55238.8,101.3,100.6,7.31,0.048,36.38,54834.7,35643,202.58,0,8.23,-92.0,20.937,0.040,89.99999,180.00000,99.9,2.87,12.1,760.6
10/31/2022,16:11:35,0.0,SQ03,50513.2,0.033,55016.8,101.5,100.8,7.31,0.049,36.22,54625.1,35506,614.58,0,8.28,-94.9,21.059,0.040,89.99999,180.00000,99.9,2.87,12.1,760.6
10/31/2022,16:11:38,0.0,SQ03,50516.6,0.033,55012.5,101.4,100.7,7.31,0.048,36.22,54621.4,35504,546.58,0,8.29,-95.0,21.065,0.038,89.99999,180.00000,99.9,2.87,12.1,760.7
10/31/2022,16:11:46,0.0,SQ03,50526.6,0.034,55011.5,101.4,100.7,7.30,0.050,36.22,54621.3,35504,500.77,0,8.29,-95.1,21.075,0.025,89.99999,180.00000,99.9,2.87,12.1,760.6
10/31/2022,16:13:05,0.0,SQ03,49998.8,0.034,55530.1,102.0,101.3,7.45,0.049,36.55,55058.1,35788,283.36,0,8.25,-92.6,20.189,0.035,89.99999,180.00000,99.9,2.87,12.1,760.6
10/31/2022,16:13:11,0.0,SQ03,49992.2,0.033,55518.2,102.1,101.4,7.46,0.048,36.54,55046.6,35780,215.28,0,8.25,-92.6,20.193,0.032,89.99999,180.00000,99.9,2.87,12.1,760.6
10/31/2022,16:13:24,0.0,SQ03,49958.3,0.034,55473.4,102.1,101.4,7.46,0.049,36.51,55002.7,35752,204.51,0,8.25,-92.6,20.198,0.018,89.99999,180.00000,99.9,2.87,12.1,760.6
10/31/2022,16:14:19,0.0,SQ03,50313.0,0.034,55301.9,102.1,101.3,7.40,0.049,36.41,54871.8,35667,832.01,0,8.15,-87.0,20.650,0.045,89.99999,180.00000,99.9,2.87,12.1,760.6
10/31/2022,16:14:23,0.0,SQ03,50310.6,0.034,55297.7,102.1,101.4,7.40,0.049,36.41,54867.7,35664,525.76,0,8.15,-87.0,20.651,0.028,89.99999,180.00000,99.9,2.87,12.1,760.6
10/31/2022,16:14:27,0.0,SQ03,50310.9,0.033,55296.7,102.1,101.4,7.40,0.049,36.41,54866.8,35663,451.63,0,8.14,-86.9,20.653,0.028,89.99999,180.00000,99.9,2.87,12.1,760.6
10/31/2022,16:15:20,0.0,SQ03,50189.1,0.034,55956.8,102.7,102.0,7.51,0.049,36.86,55466.5,36053,9217.10,0,8.20,-89.8,20.019,0.027,89.99999,180.00000,99.9,2.87,12.1,760.6
10/31/2022,16:15:23,0.0,SQ03,50209.2,0.034,55977.6,102.7,102.0,7.51,0.050,36.87,55487.3,36067,5839.91,0,8.20,-89.8,20.020,0.049,89.99999,180.00000,99.9,2.87,12.1,760.7
10/31/2022,16:15:36,0.0,SQ03,50253.2,0.034,56015.1,103.0,102.3,7.53,0.050,36.90,55525.3,36091,934.63,0,8.20,-89.9,20.029,0.026,89.99999,180.00000,99.9,2.87,12.1,760.6
10/31/2022,16:28:38,0.0,SQ03,50295.5,0.035,54973.5,98.4,97.7,7.11,0.051,36.18,54568.1,35469,200.66,0,7.95,-76.4,20.901,0.048,89.99999,180.00000,99.9,2.87,12.1,760.7
10/31/2022,16:28:50,0.0,SQ03,50297.8,0.035,54947.3,97.8,97.1,7.07,0.051,36.16,54544.1,35454,172.84,0,7.95,-75.9,20.924,0.030,89.99999,180.00000,99.9,2.87,12.1,760.7
10/31/2022,16:28:57,0.0,SQ03,50314.1,0.035,54957.7,97.6,96.9,7.05,0.051,36.17,54555.0,35461,1044.77,0,7.94,-75.8,20.930,0.033,89.99999,180.00000,99.9,2.87,12.1,760.7
10/31/2022,16:29:28,0.0,SQ03,50550.7,0.036,54928.8,98.5,97.8,7.08,0.052,36.16,54547.2,35456,770.07,0,7.94,-75.5,21.164,0.040,89.99999,180.00000,99.9,2.87,12.1,760.7
10/31/2022,16:29:39,0.0,SQ03,50573.3,0.036,54947.1,98.2,97.5,7.06,0.053,36.18,54565.8,35468,546.70,0,7.94,-75.4,21.169,0.038,89.99999,180.00000,99.9,2.87,12.1,760.6
10/31/2022,16:29:52,0.0,SQ03,50633.4,0.036,54987.8,98.1,97.4,7.05,0.052,36.21,54608.1,35495,279.61,0,7.93,-75.3,21.189,0.047,89.99999,180.00000,99.9,2.87,12.1,760.7
10/31/2022,16:30:26,0.0,SQ03,50649.1,0.036,54990.0,98.2,97.5,7.06,0.053,36.21,54611.4,35497,184.41,0,7.93,-75.4,21.201,0.056,89.99999,180.00000,99.9,2.87,12.1,760.7
10/31/2022,16:30:30,0.0,SQ03,50644.7,0.036,54986.5,98.0,97.4,7.04,0.053,36.21,54607.8,35495,187.39,0,7.93,-75.3,21.200,0.039,89.99999,180.00000,99.9,2.87,12.1,760.8
10/31/2022,16:30:33,0.0,SQ03,50643.9,0.036,54985.8,97.9,97.3,7.04,0.052,36.21,54607.1,35495,165.69,0,7.93,-75.3,21.200,0.055,89.99999,180.00000,99.9,2.87,12.1,760.7
10/31/2022,16:31:23,0.0,SQ03,50355.4,0.036,54914.5,96.6,95.9,6.97,0.053,36.14,54518.5,35437,440.24,0,7.93,-75.2,21.002,0.057,89.99999,180.00000,99.9,2.87,12.1,760.6
10/31/2022,16:31:27,0.0,SQ03,50359.3,0.037,54913.5,96.5,95.9,6.96,0.054,36.14,54517.9,35437,607.52,0,7.93,-75.2,21.006,0.050,89.99999,180.00000,99.9,2.87,12.1,760.7
10/31/2022,16:31:31,0.0,SQ03,50364.4,0.037,54913.3,96.5,95.8,6.96,0.054,36.14,54518.1,35437,430.54,0,7.93,-75.2,21.011,0.048,89.99999,180.00000,99.9,2.87,12.1,760.7
10/31/2022,16:32:18,0.0,SQ03,50280.4,0.035,54887.0,98.2,97.6,7.10,0.051,36.12,54487.2,35417,94.05,0,7.94,-75.8,20.958,0.043,89.99999,180.00000,99.9,2.87,12.1,760.6
10/31/2022,16:32:23,0.0,SQ03,50292.5,0.035,54891.1,97.6,96.9,7.05,0.051,36.12,54492.0,35420,84.44,0,7.94,-75.7,20.965,0.018,89.99999,180.00000,99.9,2.87,12.1,760.8
10/31/2022,16:32:27,0.0,SQ03,50329.3,0.035,54923.3,97.2,96.6,7.02,0.052,36.15,54524.5,35441,109.16,0,7.94,-75.6,20.972,0.048,89.99999,180.00000,99.9,2.87,12.1,760.8
10/31/2022,21:18:54,0.0,SQ03,46468.7,0.043,51521.6,102.3,101.6,7.59,0.062,33.61,51089.7,33208,647.37,0,8.16,-87.9,20.265,0.057,89.99999,180.00000,99.9,2.87,12.1,761.3
10/31/2022,21:18:59,0.0,SQ03,46487.1,0.042,51546.2,102.4,101.7,7.60,0.061,33.63,51113.8,33224,645.90,0,8.16,-87.9,20.261,0.056,89.99999,180.00000,99.9,2.87,12.1,761.2
10/31/2022,21:19:04,0.0,SQ03,46495.4,0.042,51555.9,102.5,101.8,7.61,0.061,33.63,51123.4,33230,645.92,0,8.16,-87.9,20.260,0.047,89.99999,180.00000,99.9,2.87,12.1,761.3
10/31/2022,21:44:01,0.0,SQ03,50072.0,0.042,55208.8,101.8,101.1,7.40,0.061,36.33,54767.3,35599,54.38,0,8.03,-80.7,20.511,0.040,89.99999,180.00000,99.9,2.87,12.1,761.2
10/31/2022,21:44:06,0.0,SQ03,50077.1,0.041,55227.2,101.9,101.2,7.41,0.060,36.35,54784.7,35610,57.30,0,8.04,-81.1,20.501,0.039,89.99999,180.00000,99.9,2.87,12.1,761.2
10/31/2022,21:44:11,0.0,SQ03,50083.8,0.041,55234.6,101.9,101.2,7.41,0.060,36.35,54792.0,35615,54.74,0,8.05,-81.4,20.501,0.060,89.99999,180.00000,99.9,2.87,12.1,761.3
10/31/2022,21:44:37,0.0,SQ03,49678.0,0.041,55730.7,101.2,100.5,7.44,0.060,36.67,55219.5,35893,3578.66,0,8.07,-82.5,19.746,0.042,89.99999,180.00000,99.9,2.87,12.1,761.2
10/31/2022,21:44:41,0.0,SQ03,49687.8,0.041,55825.7,101.5,100.8,7.48,0.060,36.74,55308.0,35950,1709.50,0,8.07,-82.5,19.680,0.033,89.99999,180.00000,99.9,2.87,12.1,761.2
10/31/2022,21:44:44,0.0,SQ03,49710.8,0.041,55830.3,101.9,101.2,7.51,0.059,36.74,55314.0,35954,5569.68,0,8.07,-82.5,19.697,0.034,89.99999,180.00000,99.9,2.87,12.1,761.3
10/31/2022,21:45:09,0.0,SQ03,49710.5,0.040,55478.5,102.7,102.0,7.53,0.058,36.50,54988.7,35743,78.88,0,8.07,-82.8,19.977,0.035,89.99999,180.00000,99.9,2.87,12.1,761.2
10/31/2022,21:45:15,0.0,SQ03,49705.2,0.040,55390.9,102.7,102.0,7.53,0.058,36.44,54907.4,35690,85.46,0,8.07,-82.8,20.040,0.037,89.99999,180.00000,99.9,2.87,12.1,761.2
10/31/2022,21:45:21,0.0,SQ03,49708.4,0.040,55403.6,102.5,101.8,7.51,0.058,36.45,54919.3,35698,95.45,0,8.07,-82.7,20.032,0.054,89.99999,180.00000,99.9,2.87,12.1,761.2
10/31/2022,21:45:44,0.0,SQ03,49766.4,0.041,55606.4,102.3,101.6,7.51,0.060,36.59,55111.1,35822,168.28,0,8.07,-82.7,19.922,0.032,89.99999,180.00000,99.9,2.87,12.1,761.2
10/31/2022,21:45:49,0.0,SQ03,49791.2,0.042,55651.8,102.4,101.7,7.52,0.061,36.62,55154.9,35851,548.80,0,8.07,-82.7,19.909,0.050,89.99999,180.00000,99.9,2.87,12.1,761.2
10/31/2022,21:45:55,0.0,SQ03,49831.8,0.041,55704.4,102.5,101.8,7.52,0.060,36.66,55206.6,35884,441.49,0,8.07,-82.7,19.903,0.037,89.99999,180.00000,99.9,2.87,12.1,761.2
10/31/2022,21:46:17,0.0,SQ03,49960.7,0.041,55644.7,102.7,102.0,7.52,0.060,36.63,55161.0,35855,9490.37,0,8.04,-81.2,20.068,0.042,89.99999,180.00000,99.9,2.87,12.1,761.2
10/31/2022,21:46:22,0.0,SQ03,49959.4,0.041,55490.3,102.8,102.1,7.51,0.060,36.52,55018.4,35762,3225.60,0,8.04,-81.1,20.190,0.051,89.99999,180.00000,99.9,2.87,12.1,761.2
10/31/2022,21:46:26,0.0,SQ03,49960.5,0.041,55469.5,102.5,101.8,7.49,0.060,36.51,54999.3,35750,2205.44,0,8.04,-81.0,20.203,0.032,89.99999,180.00000,99.9,2.87,12.1,761.2
10/31/2022,21:46:53,0.0,SQ03,50085.5,0.042,55186.0,103.0,102.3,7.49,0.061,36.32,54747.3,35586,56.38,0,8.16,-87.7,20.542,0.038,89.99999,180.00000,99.9,2.87,12.1,761.2
10/31/2022,21:46:59,0.0,SQ03,50064.7,0.042,54893.0,102.8,102.1,7.45,0.061,36.11,54475.7,35409,225.09,0,8.18,-88.7,20.761,0.039,89.99999,180.00000,99.9,2.87,12.1,761.2
10/31/2022,21:47:03,0.0,SQ03,50038.7,0.041,54877.2,102.2,101.5,7.41,0.060,36.10,54459.2,35398,301.18,0,8.19,-89.3,20.750,0.043,89.99999,180.00000,99.9,2.87,12.1,761.2
10/31/2022,21:47:28,0.0,SQ03,50569.2,0.042,55805.2,101.6,100.9,7.37,0.061,36.77,55355.6,35981,1615.50,0,8.25,-93.0,20.472,0.049,89.99999,180.00000,99.9,2.87,12.1,761.2
10/31/2022,21:47:33,0.0,SQ03,50571.8,0.042,55821.4,101.4,100.7,7.36,0.061,36.78,55370.7,35991,1210.63,0,8.26,-93.1,20.463,0.050,89.99999,180.00000,99.9,2.87,12.1,761.2
10/31/2022,21:47:37,0.0,SQ03,50581.4,0.041,55828.2,101.2,100.5,7.35,0.060,36.79,55377.7,35995,1193.46,0,8.26,-93.1,20.466,0.045,89.99999,180.00000,99.9,2.87,12.1,761.2
10/31/2022,21:48:00,0.0,SQ03,50303.1,0.040,55336.1,102.0,101.3,7.40,0.058,36.43,54902.5,35687,101.37,0,8.25,-92.8,20.618,0.041,89.99999,180.00000,99.9,2.87,12.1,761.1
10/31/2022,21:48:04,0.0,SQ03,50269.9,0.040,55113.7,102.2,101.5,7.40,0.058,36.28,54695.1,35552,111.22,0,8.25,-92.8,20.767,0.051,89.99999,180.00000,99.9,2.87,12.1,761.2
10/31/2022,21:48:10,0.0,SQ03,50257.0,0.040,55100.6,101.9,101.2,7.38,0.058,36.27,54682.0,35543,196.38,0,8.25,-92.7,20.763,0.033,89.99999,180.00000,99.9,2.87,12.1,761.2
10/31/2022,21:48:35,0.0,SQ03,50226.0,0.041,55093.9,102.0,101.3,7.39,0.060,36.26,54673.4,35538,154.35,0,8.23,-91.7,20.743,0.034,89.99999,180.00000,99.9,2.87,12.1,761.2
10/31/2022,21:48:40,0.0,SQ03,50246.3,0.042,55012.3,101.9,101.2,7.38,0.061,36.21,54599.9,35490,164.06,0,8.23,-91.5,20.825,0.056,89.99999,180.00000,99.9,2.87,12.1,761.2
10/31/2022,21:48:45,0.0,SQ03,50249.2,0.041,55017.2,101.7,101.0,7.36,0.060,36.21,54604.6,35493,174.34,0,8.22,-91.4,20.824,0.035,89.99999,180.00000,99.9,2.87,12.1,761.2
10/31/2022,21:49:14,0.0,SQ03,49730.0,0.040,55161.3,101.2,100.5,7.40,0.058,36.28,54697.3,35553,1149.83,0,8.21,-90.6,20.240,0.053,89.99999,180.00000,99.9,2.87,12.1,761.2
10/31/2022,21:49:20,0.0,SQ03,49748.1,0.040,55382.9,101.3,100.6,7.42,0.059,36.44,54903.3,35687,966.62,0,8.21,-90.6,20.084,0.033,89.99999,180.00000,99.9,2.87,12.1,761.2
10/31/2022,21:49:24,0.0,SQ03,49772.3,0.041,55400.4,101.7,101.0,7.44,0.060,36.45,54921.2,35699,847.54,0,8.21,-90.6,20.092,0.033,89.99999,180.00000,99.9,2.87,12.1,761.2
10/31/2022,21:50:10,0.0,SQ03,50202.9,0.041,55163.1,101.0,100.3,7.32,0.060,36.31,54735.4,35578,70.46,0,8.19,-89.7,20.664,0.031,89.99999,180.00000,99.9,2.87,12.1,761.2
10/31/2022,21:50:14,0.0,SQ03,50204.0,0.041,55170.2,100.9,100.2,7.32,0.060,36.31,54742.0,35582,75.20,0,8.20,-89.9,20.660,0.036,89.99999,180.00000,99.9,2.87,12.1,761.2
10/31/2022,21:50:19,0.0,SQ03,50200.8,0.042,55175.5,100.8,100.1,7.31,0.061,36.32,54746.6,35585,721.67,0,8.20,-90.2,20.653,0.053,89.99999,180.00000,99.9,2.87,12.1,761.2
10/31/2022,21:50:46,0.0,SQ03,50081.9,0.041,55125.8,100.9,100.2,7.33,0.060,36.28,54691.5,35549,25.21,0,8.28,-94.4,20.588,0.024,89.99999,180.00000,99.9,2.87,12.1,761.2
10/31/2022,21:50:49,0.0,SQ03,50097.6,0.042,55110.8,100.6,99.9,7.31,0.061,36.27,54679.0,35541,24.51,0,8.28,-94.5,20.613,0.035,89.99999,180.00000,99.9,2.87,12.1,761.2
10/31/2022,21:50:53,0.0,SQ03,50132.3,0.042,55154.6,100.2,99.5,7.27,0.061,36.30,54722.1,35569,25.35,0,8.28,-94.6,20.609,0.059,89.99999,180.00000,99.9,2.87,12.1,761.2
10/31/2022,21:51:19,0.0,SQ03,50139.4,0.041,55235.8,101.2,100.5,7.35,0.060,36.36,54797.4,35618,107.92,0,8.20,-90.1,20.550,0.053,89.99999,180.00000,99.9,2.87,12.1,761.2
10/31/2022,21:51:24,0.0,SQ03,50140.8,0.041,55208.3,101.2,100.5,7.35,0.059,36.34,54772.1,35602,288.12,0,8.20,-89.8,20.573,0.038,89.99999,180.00000,99.9,2.87,12.1,761.2
10/31/2022,21:51:28,0.0,SQ03,50134.4,0.041,55200.6,101.2,100.5,7.35,0.059,36.33,54764.6,35597,197.73,0,8.19,-89.6,20.573,0.058,89.99999,180.00000,99.9,2.87,12.1,761.2
10/31/2022,21:51:55,0.0,SQ03,50275.6,0.041,55016.0,101.9,101.2,7.37,0.059,36.21,54605.6,35494,1017.92,0,8.23,-91.7,20.852,0.024,89.99999,180.00000,99.9,2.87,12.1,761.2
10/31/2022,21:52:00,0.0,SQ03,50264.6,0.041,54954.5,101.5,100.8,7.34,0.059,36.17,54548.1,35456,1422.82,0,8.23,-91.8,20.888,0.051,89.99999,180.00000,99.9,2.87,12.1,761.2
10/31/2022,21:52:03,0.0,SQ03,50252.4,0.041,54954.3,101.3,100.6,7.32,0.060,36.17,54546.9,35456,1407.74,0,8.23,-91.9,20.878,0.032,89.99999,180.00000,99.9,2.87,12.1,761.2
10/31/2022,21:52:32,0.0,SQ03,50117.3,0.040,55062.4,100.8,100.1,7.31,0.058,36.23,54635.9,35513,41.75,0,8.25,-92.7,20.670,0.049,89.99999,180.00000,99.9,2.87,12.1,761.2
10/31/2022,21:52:35,0.0,SQ03,50122.3,0.040,55054.0,100.3,99.6,7.28,0.059,36.23,54628.6,35509,44.90,0,8.25,-92.8,20.681,0.037,89.99999,180.00000,99.9,2.87,12.1,761.2
10/31/2022,21:52:40,0.0,SQ03,50135.8,0.040,55071.4,99.9,99.2,7.24,0.058,36.24,54645.6,35520,196.23,0,8.25,-92.8,20.679,0.044,89.99999,180.00000,99.9,2.87,12.1,761.2
10/31/2022,21:53:21,0.0,SQ03,49768.1,0.039,55723.8,99.4,98.7,7.30,0.057,36.67,55219.7,35893,12.63,0,8.08,-83.4,19.831,0.023,89.99999,180.00000,99.9,2.87,12.1,761.1
10/31/2022,21:53:25,0.0,SQ03,49822.5,0.039,55794.1,99.7,99.0,7.32,0.057,36.72,55288.8,35938,12.98,0,8.10,-84.1,19.824,0.056,89.99999,180.00000,99.9,2.87,12.1,761.2
10/31/2022,21:53:29,0.0,SQ03,49949.8,0.039,55943.3,99.9,99.2,7.34,0.058,36.83,55436.2,36034,14.55,0,8.11,-84.6,19.818,0.059,89.99999,180.00000,99.9,2.87,12.1,761.2
10/31/2022,21:53:52,0.0,SQ03,49955.7,0.039,55483.8,101.9,101.2,7.45,0.057,36.52,55012.1,35758,280.17,0,8.17,-88.4,20.193,0.034,89.99999,180.00000,99.9,2.87,12.1,761.2
10/31/2022,21:53:57,0.0,SQ03,49952.7,0.040,55257.7,102.1,101.4,7.45,0.058,36.36,54803.2,35622,787.53,0,8.17,-88.5,20.366,0.037,89.99999,180.00000,99.9,2.87,12.1,761.2
10/31/2022,21:54:01,0.0,SQ03,49956.3,0.040,55181.5,101.9,101.2,7.42,0.058,36.31,54733.2,35577,1137.99,0,8.17,-88.6,20.431,0.039,89.99999,180.00000,99.9,2.87,12.1,761.2
10/31/2022,21:54:23,0.0,SQ03,49903.1,0.039,55383.8,101.3,100.6,7.40,0.057,36.45,54915.7,35695,275.59,0,8.18,-88.8,20.220,0.035,89.99999,180.00000,99.9,2.87,12.1,761.2
10/31/2022,21:54:28,0.0,SQ03,49905.0,0.039,55410.7,101.4,100.7,7.41,0.057,36.46,54940.8,35711,331.07,0,8.18,-88.8,20.201,0.021,89.99999,180.00000,99.9,2.87,12.1,761.2
10/31/2022,21:54:33,0.0,SQ03,49909.9,0.040,55411.1,101.4,100.7,7.41,0.058,36.46,54941.5,35712,2026.91,0,8.18,-88.8,20.205,0.055,89.99999,180.00000,99.9,2.87,12.1,761.2
10/31/2022,21:54:53,0.0,SQ03,49905.8,0.039,55502.4,101.5,100.8,7.43,0.058,36.53,55025.5,35767,158.05,0,8.14,-86.5,20.127,0.035,89.99999,180.00000,99.9,2.87,12.1,761.2
10/31/2022,21:54:59,0.0,SQ03,49844.1,0.040,55496.0,101.6,100.9,7.44,0.058,36.52,55014.9,35760,145.31,0,8.13,-85.8,20.079,0.037,89.99999,180.00000,99.9,2.87,12.1,761.2
10/31/2022,21:55:04,0.0,SQ03,49844.3,0.040,55503.1,101.7,101.0,7.44,0.058,36.52,55021.5,35764,150.05,0,8.12,-85.6,20.074,0.042,89.99999,180.00000,99.9,2.87,12.1,761.2
10/31/2022,21:55:30,0.0,SQ03,49968.2,0.041,55084.1,102.5,101.8,7.46,0.059,36.24,54644.3,35519,311.15,0,8.13,-86.3,20.520,0.058,89.99999,180.00000,99.9,2.87,12.1,761.2
10/31/2022,21:55:35,0.0,SQ03,49993.6,0.040,55020.5,101.8,101.1,7.40,0.059,36.20,54587.7,35482,359.59,0,8.13,-86.3,20.594,0.046,89.99999,180.00000,99.9,2.87,12.1,761.2
10/31/2022,21:55:43,0.0,SQ03,49982.3,0.041,55018.2,101.1,100.4,7.35,0.060,36.20,54584.6,35480,358.95,0,8.13,-86.3,20.585,0.040,89.99999,180.00000,99.9,2.87,12.1,761.2
10/31/2022,22:23:35,0.0,SQ03,49923.6,0.043,54901.2,103.4,102.7,7.51,0.063,36.11,54472.3,35407,150.07,0,8.00,-78.9,20.628,0.062,89.99999,180.00000,99.9,2.87,12.1,761.3
10/31/2022,22:23:39,0.0,SQ03,49952.9,0.043,54949.8,102.2,101.5,7.43,0.062,36.15,54519.3,35438,151.47,0,7.99,-78.2,20.615,0.052,89.99999,180.00000,99.9,2.87,12.1,761.2
10/31/2022,22:23:43,0.0,SQ03,50019.0,0.042,55043.2,101.2,100.5,7.35,0.062,36.22,54610.6,35497,1004.31,0,7.98,-77.7,20.598,0.059,89.99999,180.00000,99.9,2.87,12.1,761.2
10/31/2022,22:24:08,0.0,SQ03,50036.5,0.042,55189.0,100.2,99.6,7.29,0.062,36.32,54746.3,35585,121.86,0,7.95,-76.1,20.496,0.043,89.99999,180.00000,99.9,2.87,12.1,761.3
10/31/2022,22:24:12,0.0,SQ03,50019.6,0.042,55035.1,99.8,99.1,7.25,0.062,36.21,54603.2,35492,127.70,0,7.95,-75.9,20.605,0.037,89.99999,180.00000,99.9,2.87,12.1,761.2
10/31/2022,22:24:16,0.0,SQ03,50014.2,0.043,54986.8,99.0,98.3,7.19,0.062,36.18,54558.3,35463,130.50,0,7.94,-75.8,20.639,0.033,89.99999,180.00000,99.9,2.87,12.1,761.3
10/31/2022,22:24:40,0.0,SQ03,49994.4,0.041,55036.6,99.7,99.0,7.25,0.060,36.21,54602.6,35492,107.11,0,7.95,-75.8,20.581,0.037,89.99999,180.00000,99.9,2.87,12.1,761.2
10/31/2022,22:24:44,0.0,SQ03,50009.0,0.040,54955.5,99.5,98.8,7.22,0.059,36.15,54529.0,35444,148.40,0,7.94,-75.7,20.660,0.034,89.99999,180.00000,99.9,2.87,12.1,761.2
10/31/2022,22:24:50,0.0,SQ03,50027.0,0.041,54942.0,98.8,98.2,7.17,0.060,36.15,54517.9,35437,235.16,0,7.94,-75.5,20.687,0.032,89.99999,180.00000,99.9,2.87,12.1,761.3
10/31/2022,22:25:17,0.0,SQ03,49991.0,0.040,54980.6,99.4,98.7,7.22,0.059,36.17,54550.7,35458,1776.26,0,7.94,-75.5,20.625,0.021,89.99999,180.00000,99.9,2.87,12.1,761.2
10/31/2022,22:25:21,0.0,SQ03,50002.2,0.041,54941.3,98.7,98.1,7.17,0.059,36.14,54515.4,35435,9932.13,0,7.94,-75.4,20.666,0.038,89.99999,180.00000,99.9,2.87,12.1,761.3
10/31/2022,22:25:26,0.0,SQ03,50010.8,0.041,54950.3,98.1,97.4,7.12,0.059,36.15,54524.3,35441,13111.00,0,7.94,-75.3,20.666,0.034,89.99999,180.00000,99.9,2.87,12.1,761.2
10/31/2022,22:25:51,0.0,SQ03,50029.8,0.041,55127.0,99.2,98.5,7.21,0.060,36.27,54688.6,35548,20810.10,0,7.94,-75.7,20.540,0.039,89.99999,180.00000,99.9,2.87,12.1,761.3
10/31/2022,22:25:57,0.0,SQ03,50015.2,0.041,54981.5,98.8,98.2,7.18,0.060,36.17,54553.4,35460,14051.45,0,7.94,-75.6,20.645,0.025,89.99999,180.00000,99.9,2.87,12.1,761.3
10/31/2022,22:26:03,0.0,SQ03,50001.1,0.041,54973.0,98.0,97.3,7.12,0.059,36.17,54544.5,35454,16488.75,0,7.94,-75.5,20.639,0.054,89.99999,180.00000,99.9,2.87,12.1,761.2
11/1/2022,04:10:08,0.0,SQ03,49189.3,0.036,55621.7,101.8,101.1,7.55,0.053,36.57,55082.9,35804,435.06,0,8.01,-79.3,19.398,0.044,89.99999,180.00000,99.9,2.87,12.1,760.8
11/1/2022,04:10:14,0.0,SQ03,49157.0,0.036,55582.4,102.2,101.5,7.57,0.052,36.54,55044.1,35779,395.61,0,8.02,-79.5,19.400,0.023,89.99999,180.00000,99.9,2.87,12.1,760.8
11/1/2022,04:10:20,0.0,SQ03,49121.6,0.036,55549.0,102.4,101.7,7.59,0.053,36.52,55010.6,35757,396.12,0,8.02,-79.6,19.395,0.047,89.99999,180.00000,99.9,2.87,12.1,760.8
11/1/2022,04:11:31,0.0,SQ03,48842.2,0.034,55678.8,102.6,101.9,7.65,0.050,36.59,55111.0,35822,297.77,0,8.01,-79.2,19.045,0.042,89.99999,180.00000,99.9,2.87,12.1,760.7
11/1/2022,04:11:35,0.0,SQ03,48927.7,0.034,55778.5,102.7,102.0,7.66,0.049,36.67,55209.6,35886,336.53,0,8.02,-79.8,19.043,0.018,89.99999,180.00000,99.9,2.87,12.1,760.8
11/1/2022,04:11:40,0.0,SQ03,48950.1,0.034,55806.7,102.8,102.1,7.66,0.050,36.69,55237.4,35904,358.05,0,8.02,-79.9,19.041,0.047,89.99999,180.00000,99.9,2.87,12.1,760.7
11/1/2022,04:12:35,0.0,SQ03,49128.7,0.034,55321.7,103.2,102.5,7.63,0.049,36.36,54800.6,35620,319.79,0,7.96,-76.6,19.581,0.031,89.99999,180.00000,99.9,2.87,12.1,760.7
11/1/2022,04:12:41,0.0,SQ03,49123.9,0.034,55268.4,102.9,102.2,7.60,0.049,36.32,54751.0,35588,816.99,0,7.99,-77.9,19.619,0.042,89.99999,180.00000,99.9,2.87,12.1,760.7
11/1/2022,04:12:47,0.0,SQ03,49146.3,0.034,55289.9,102.7,102.0,7.59,0.050,36.34,54772.5,35602,773.07,0,8.00,-78.7,19.622,0.043,89.99999,180.00000,99.9,2.87,12.1,760.7
11/1/2022,04:13:48,0.0,SQ03,49218.4,0.034,55185.0,102.8,102.1,7.58,0.049,36.27,54680.7,35542,1004.27,0,8.00,-78.8,19.770,0.041,89.99999,180.00000,99.9,2.87,12.1,760.6
11/1/2022,04:13:52,0.0,SQ03,49287.5,0.035,55264.3,102.8,102.1,7.58,0.051,36.33,54759.2,35593,972.33,0,8.00,-78.8,19.768,0.051,89.99999,180.00000,99.9,2.87,12.1,760.7
11/1/2022,04:13:56,0.0,SQ03,49293.7,0.035,55272.1,102.8,102.1,7.58,0.050,36.34,54766.9,35598,883.99,0,8.00,-78.7,19.768,0.046,89.99999,180.00000,99.9,2.87,12.1,760.7
11/1/2022,04:15:15,0.0,SQ03,49020.6,0.035,55446.9,103.2,102.4,7.65,0.051,36.44,54908.7,35691,693.30,0,8.01,-79.4,19.386,0.043,89.99999,180.00000,99.9,2.87,12.1,760.7
11/1/2022,04:15:19,0.0,SQ03,49028.9,0.035,55452.8,103.2,102.5,7.66,0.052,36.45,54914.8,35695,708.77,0,8.01,-79.3,19.388,0.046,89.99999,180.00000,99.9,2.87,12.1,760.7
11/1/2022,04:15:23,0.0,SQ03,49032.0,0.035,55454.5,103.3,102.6,7.66,0.052,36.45,54916.6,35696,1579.28,0,8.01,-79.3,19.390,0.018,89.99999,180.00000,99.9,2.87,12.1,760.6
11/1/2022,04:17:48,0.0,SQ03,49782.6,0.034,55628.0,102.3,101.6,7.51,0.049,36.61,55132.3,35836,838.17,0,8.12,-85.2,19.920,0.054,89.99999,180.00000,99.9,2.87,12.1,760.6
11/1/2022,04:17:54,0.0,SQ03,49780.9,0.034,55627.1,101.9,101.2,7.48,0.050,36.61,55131.3,35835,1447.46,0,8.12,-85.5,19.919,0.054,89.99999,180.00000,99.9,2.87,12.1,760.6
11/1/2022,04:18:01,0.0,SQ03,49800.0,0.034,55646.1,101.7,101.0,7.46,0.050,36.62,55150.3,35848,2065.36,0,8.13,-85.9,19.921,0.039,89.99999,180.00000,99.9,2.87,12.1,760.7
11/1/2022,04:19:13,0.0,SQ03,49305.0,0.033,55413.4,102.0,101.3,7.53,0.048,36.43,54898.4,35684,345.12,0,8.18,-88.9,19.666,0.022,89.99999,180.00000,99.9,2.87,12.1,760.6
11/1/2022,04:19:18,0.0,SQ03,49305.7,0.033,55412.8,102.1,101.4,7.53,0.048,36.43,54897.9,35684,676.67,0,8.18,-88.9,19.667,0.046,89.99999,180.00000,99.9,2.87,12.1,760.6
11/1/2022,04:19:21,0.0,SQ03,49300.2,0.033,55408.7,102.1,101.4,7.54,0.048,36.43,54893.8,35681,898.91,0,8.18,-89.0,19.665,0.024,89.99999,180.00000,99.9,2.87,12.1,760.6
11/1/2022,04:20:21,0.0,SQ03,49042.7,0.034,55847.6,101.9,101.2,7.58,0.050,36.72,55281.9,35933,233.91,0,8.13,-85.7,19.091,0.033,89.99999,180.00000,99.9,2.87,12.1,760.8
11/1/2022,04:20:26,0.0,SQ03,49102.4,0.035,56074.4,102.3,101.6,7.62,0.050,36.88,55496.5,36073,292.11,0,8.14,-86.4,18.968,0.030,89.99999,180.00000,99.9,2.87,12.1,760.7
11/1/2022,04:20:29,0.0,SQ03,49133.2,0.035,56106.2,102.6,101.9,7.65,0.051,36.90,55528.2,36093,332.22,0,8.15,-87.0,18.970,0.044,89.99999,180.00000,99.9,2.87,12.1,760.7
11/1/2022,04:21:45,0.0,SQ03,49301.1,0.035,55536.3,103.4,102.7,7.64,0.051,36.52,55011.9,35758,318.59,0,8.23,-91.6,19.571,0.030,89.99999,180.00000,99.9,2.87,12.1,760.7
11/1/2022,04:21:48,0.0,SQ03,49303.0,0.035,55498.6,103.1,102.4,7.61,0.051,36.49,54977.1,35735,283.16,0,8.23,-91.7,19.597,0.027,89.99999,180.00000,99.9,2.87,12.1,760.7
11/1/2022,04:21:51,0.0,SQ03,49294.4,0.035,55487.2,102.7,102.0,7.59,0.051,36.48,54966.0,35728,1307.13,0,8.23,-91.7,19.598,0.029,89.99999,180.00000,99.9,2.87,12.1,760.7
11/1/2022,04:22:59,0.0,SQ03,49137.6,0.034,55198.1,102.6,101.9,7.58,0.050,36.28,54686.9,35547,990.60,0,8.22,-90.7,19.687,0.054,89.99999,180.00000,99.9,2.87,12.1,760.6
11/1/2022,04:23:03,0.0,SQ03,49120.7,0.033,55175.6,102.6,101.9,7.58,0.048,36.26,54664.9,35532,1143.57,0,8.22,-90.7,19.690,0.015,89.99999,180.00000,99.9,2.87,12.1,760.6
11/1/2022,04:23:08,0.0,SQ03,49122.2,0.034,55175.2,102.6,101.9,7.58,0.049,36.26,54664.6,35532,1207.92,0,8.22,-90.7,19.692,0.043,89.99999,180.00000,99.9,2.87,12.1,760.6
11/1/2022,04:25:23,0.0,SQ03,48959.5,0.035,55585.4,102.0,101.3,7.59,0.051,36.53,55032.7,35771,432.68,0,8.20,-89.6,19.222,0.026,89.99999,180.00000,99.9,2.87,12.1,760.7
11/1/2022,04:25:26,0.0,SQ03,48948.8,0.034,55570.6,102.1,101.4,7.59,0.050,36.52,55018.3,35762,225.62,0,8.20,-89.6,19.224,0.017,89.99999,180.00000,99.9,2.87,12.1,760.6
11/1/2022,04:25:30,0.0,SQ03,48953.6,0.034,55574.4,102.2,101.5,7.60,0.050,36.53,55022.1,35764,226.61,0,8.20,-89.5,19.226,0.032,89.99999,180.00000,99.9,2.87,12.1,760.7
11/1/2022,04:26:19,0.0,SQ03,49016.7,0.034,55155.3,102.5,101.8,7.58,0.050,36.24,54638.4,35515,794.19,0,8.25,-92.3,19.613,0.018,89.99999,180.00000,99.9,2.87,12.1,760.6
11/1/2022,04:26:23,0.0,SQ03,49028.2,0.035,55168.2,102.4,101.7,7.57,0.051,36.25,54651.3,35523,1813.31,0,8.25,-92.4,19.613,0.050,89.99999,180.00000,99.9,2.87,12.1,760.8
11/1/2022,04:26:27,0.0,SQ03,49033.4,0.035,55173.2,102.4,101.7,7.57,0.051,36.25,54656.2,35527,1461.32,0,8.25,-92.5,19.614,0.036,89.99999,180.00000,99.9,2.87,12.1,760.7
11/1/2022,04:27:02,0.0,SQ03,49208.9,0.034,55392.4,102.1,101.4,7.54,0.050,36.41,54872.0,35667,3452.69,0,8.17,-88.3,19.596,0.021,89.99999,180.00000,99.9,2.87,12.1,760.8
11/1/2022,04:27:04,0.0,SQ03,49206.7,0.035,55392.8,102.0,101.3,7.54,0.050,36.41,54872.1,35667,1499.83,0,8.17,-87.9,19.594,0.031,89.99999,180.00000,99.9,2.87,12.1,760.8
11/1/2022,04:27:07,0.0,SQ03,49205.1,0.035,55393.0,102.0,101.3,7.54,0.051,36.41,54872.3,35667,1631.10,0,8.16,-87.5,19.593,0.032,89.99999,180.00000,99.9,2.87,12.1,760.8
11/1/2022,04:28:03,0.0,SQ03,48981.8,0.036,55649.0,102.1,101.4,7.60,0.052,36.58,55093.3,35811,24682.73,0,8.23,-91.1,19.192,0.040,89.99999,180.00000,99.9,2.87,12.1,760.9
11/1/2022,04:28:07,0.0,SQ03,48980.9,0.037,55643.8,102.2,101.5,7.60,0.053,36.58,55088.4,35807,17365.88,0,8.23,-91.3,19.196,0.051,89.99999,180.00000,99.9,2.87,12.1,760.8
11/1/2022,04:28:11,0.0,SQ03,48972.7,0.037,55630.9,102.2,101.5,7.60,0.053,36.57,55075.8,35799,11531.66,0,8.23,-91.4,19.198,0.026,89.99999,180.00000,99.9,2.87,12.1,760.7
11/1/2022,04:29:11,0.0,SQ03,49159.6,0.034,55241.0,102.3,101.6,7.55,0.049,36.31,54728.2,35573,1924.59,0,8.19,-89.1,19.673,0.041,89.99999,180.00000,99.9,2.87,12.1,760.8
11/1/2022,04:29:15,0.0,SQ03,49166.0,0.034,55243.1,102.1,101.4,7.54,0.050,36.31,54730.6,35575,1581.55,0,8.19,-89.0,19.677,0.057,89.99999,180.00000,99.9,2.87,12.1,760.9
11/1/2022,04:29:18,0.0,SQ03,49170.7,0.035,55247.1,102.0,101.3,7.53,0.050,36.31,54734.7,35578,1402.47,0,8.19,-89.0,19.678,0.031,89.99999,180.00000,99.9,2.87,12.1,760.8
11/1/2022,04:31:12,0.0,SQ03,49443.1,0.035,55183.3,101.1,100.4,7.43,0.052,36.28,54695.9,35552,976.12,0,8.07,-82.8,19.972,0.028,89.99999,180.00000,99.9,2.87,12.1,760.8
11/1/2022,04:31:16,0.0,SQ03,49441.7,0.036,55182.1,101.1,100.4,7.43,0.052,36.28,54694.7,35552,840.44,0,8.07,-82.9,19.972,0.042,89.99999,180.00000,99.9,2.87,12.1,760.9
11/1/2022,04:31:20,0.0,SQ03,49445.6,0.036,55185.8,101.1,100.4,7.42,0.052,36.28,54698.4,35554,749.13,0,8.07,-82.9,19.972,0.031,89.99999,180.00000,99.9,2.87,12.1,760.8
11/1/2022,04:32:38,0.0,SQ03,49469.1,0.034,55148.3,101.8,101.1,7.47,0.049,36.26,54665.5,35533,573.00,0,8.15,-87.3,20.023,0.022,89.99999,180.00000,99.9,2.87,12.1,760.8
11/1/2022,04:32:41,0.0,SQ03,49499.4,0.034,55180.3,101.7,101.0,7.46,0.050,36.28,54697.4,35553,650.08,0,8.15,-87.3,20.025,0.034,89.99999,180.00000,99.9,2.87,12.1,760.8
11/1/2022,04:32:44,0.0,SQ03,49492.1,0.034,55170.1,101.6,100.9,7.46,0.050,36.28,54687.4,35547,696.81,0,8.15,-87.3,20.026,0.026,89.99999,180.00000,99.9,2.87,12.1,760.8
11/1/2022,04:33:34,0.0,SQ03,49361.5,0.035,55213.2,102.2,101.5,7.52,0.050,36.30,54717.4,35566,17712.36,0,8.14,-86.6,19.875,0.041,89.99999,180.00000,99.9,2.87,12.1,760.9
11/1/2022,04:33:37,0.0,SQ03,49374.0,0.035,55223.5,102.2,101.5,7.52,0.051,36.31,54727.9,35573,22091.40,0,8.14,-86.6,19.878,0.044,89.99999,180.00000,99.9,2.87,12.1,760.7
11/1/2022,04:33:41,0.0,SQ03,49384.3,0.035,55231.3,102.2,101.5,7.52,0.051,36.31,54735.9,35578,23249.84,0,8.14,-86.6,19.881,0.046,89.99999,180.00000,99.9,2.87,12.1,760.8
11/1/2022,04:34:36,0.0,SQ03,49376.2,0.036,55362.5,102.0,101.3,7.52,0.052,36.40,54856.6,35657,290.81,0,8.09,-83.6,19.769,0.051,89.99999,180.00000,99.9,2.87,12.1,760.8
11/1/2022,04:34:39,0.0,SQ03,49379.6,0.036,55361.0,102.0,101.3,7.52,0.052,36.40,54855.4,35656,211.54,0,8.09,-83.5,19.774,0.056,89.99999,180.00000,99.9,2.87,12.1,760.8
11/1/2022,04:34:42,0.0,SQ03,49382.5,0.036,55359.6,102.0,101.3,7.51,0.053,36.40,54854.4,35655,196.34,0,8.08,-83.4,19.777,0.034,89.99999,180.00000,99.9,2.87,12.1,760.8
11/1/2022,04:35:37,0.0,SQ03,49288.9,0.035,55582.2,102.1,101.4,7.55,0.051,36.55,55053.5,35785,1808.13,0,8.10,-84.4,19.518,0.028,89.99999,180.00000,99.9,2.87,12.1,760.6
11/1/2022,04:35:39,0.0,SQ03,49291.7,0.035,55584.9,102.3,101.5,7.56,0.051,36.55,55056.2,35787,1833.31,0,8.10,-84.3,19.518,0.051,89.99999,180.00000,99.9,2.87,12.1,760.7
11/1/2022,04:35:44,0.0,SQ03,49293.0,0.035,55580.7,102.4,101.7,7.57,0.051,36.55,55052.4,35784,1915.35,0,8.10,-84.3,19.523,0.034,89.99999,180.00000,99.9,2.87,12.1,760.7
11/1/2022,04:46:14,0.0,SQ03,49790.2,0.036,55054.5,101.3,100.6,7.39,0.052,36.21,54603.3,35492,2203.74,0,7.94,-75.3,20.386,0.027,89.99999,180.00000,99.9,2.87,12.1,760.9
11/1/2022,04:46:17,0.0,SQ03,49808.9,0.036,55058.7,101.1,100.4,7.37,0.052,36.22,54608.6,35496,1377.50,0,7.94,-75.2,20.398,0.038,89.99999,180.00000,99.9,2.87,12.1,760.9
11/1/2022,04:46:20,0.0,SQ03,49823.2,0.036,55070.5,100.8,100.1,7.35,0.053,36.22,54620.6,35503,1747.88,0,7.93,-75.2,20.402,0.050,89.99999,180.00000,99.9,2.87,12.1,760.9
11/1/2022,04:46:40,0.0,SQ03,49743.0,0.036,55085.4,99.3,98.7,7.25,0.053,36.23,54628.2,35508,898.30,0,7.92,-74.6,20.318,0.028,89.99999,180.00000,99.9,2.87,12.1,760.8
11/1/2022,04:46:43,0.0,SQ03,49736.9,0.036,55075.5,99.1,98.4,7.23,0.052,36.22,54618.6,35502,2409.32,0,7.92,-74.6,20.321,0.019,89.99999,180.00000,99.9,2.87,12.1,760.8
11/1/2022,04:46:45,0.0,SQ03,49748.4,0.036,55086.2,98.8,98.1,7.21,0.053,36.23,54629.4,35509,2943.05,0,7.92,-74.6,20.322,0.039,89.99999,180.00000,99.9,2.87,12.1,760.9
11/1/2022,04:47:00,0.0,SQ03,49694.9,0.035,55059.2,98.5,97.9,7.20,0.051,36.21,54600.4,35490,921.56,0,7.92,-74.5,20.296,0.032,89.99999,180.00000,99.9,2.87,12.1,760.9
11/1/2022,04:47:05,0.0,SQ03,49705.2,0.035,55062.2,99.0,98.3,7.23,0.051,36.21,54603.9,35493,1291.84,0,7.92,-74.4,20.303,0.029,89.99999,180.00000,99.9,2.87,12.1,760.9
11/1/2022,04:47:09,0.0,SQ03,49709.6,0.035,55054.0,99.0,98.3,7.23,0.051,36.21,54596.7,35488,2407.93,0,7.92,-74.4,20.313,0.025,89.99999,180.00000,99.9,2.87,12.1,760.8
11/1/2022,04:47:27,0.0,SQ03,49868.9,0.035,55182.5,99.3,98.6,7.24,0.052,36.30,54727.4,35573,984.51,0,7.93,-74.7,20.354,0.025,89.99999,180.00000,99.9,2.87,12.1,760.8
11/1/2022,04:47:30,0.0,SQ03,49871.3,0.035,55123.5,99.5,98.8,7.25,0.051,36.26,54673.2,35538,739.49,0,7.92,-74.6,20.403,0.029,89.99999,180.00000,99.9,2.87,12.1,760.8
11/1/2022,04:47:34,0.0,SQ03,49870.8,0.035,55092.8,99.4,98.7,7.24,0.051,36.24,54644.8,35519,718.33,0,7.92,-74.6,20.426,0.017,89.99999,180.00000,99.9,2.87,12.1,760.9
11/1/2022,04:47:52,0.0,SQ03,49822.0,0.036,55126.9,98.8,98.1,7.20,0.052,36.26,54672.6,35537,523.49,0,7.93,-74.7,20.355,0.033,89.99999,180.00000,99.9,2.87,12.1,760.9
11/1/2022,04:47:55,0.0,SQ03,49819.9,0.035,55126.7,98.6,97.9,7.19,0.051,36.26,54672.2,35537,1647.24,0,7.93,-74.7,20.353,0.025,89.99999,180.00000,99.9,2.87,12.1,760.9
11/1/2022,04:47:58,0.0,SQ03,49830.9,0.035,55135.4,98.3,97.7,7.17,0.051,36.27,54681.0,35543,1530.56,0,7.93,-74.7,20.356,0.039,89.99999,180.00000,99.9,2.87,12.1,760.8
11/1/2022,09:41:28,0.0,SQ03,47172.6,0.044,51575.1,103.5,102.8,7.59,0.065,33.68,51193.6,33276,128.90,0,8.08,-83.4,20.888,0.063,89.99999,180.00000,99.9,2.87,12.1,761.5
11/1/2022,09:41:33,0.0,SQ03,47212.7,0.045,51612.5,103.5,102.8,7.59,0.065,33.71,51231.2,33300,132.69,0,8.08,-83.4,20.893,0.040,89.99999,180.00000,99.9,2.87,12.1,761.5
11/1/2022,09:41:37,0.0,SQ03,47217.0,0.045,51614.6,103.6,102.9,7.60,0.065,33.71,51233.4,33302,132.62,0,8.08,-83.4,20.896,0.050,89.99999,180.00000,99.9,2.87,12.1,761.5
11/1/2022,09:42:36,0.0,SQ03,50228.0,0.045,54987.3,102.8,102.1,7.44,0.065,36.19,54575.4,35474,844.21,0,7.97,-77.0,20.829,0.041,89.99999,180.00000,99.9,2.87,12.1,761.4
11/1/2022,09:42:40,0.0,SQ03,50232.6,0.045,54992.0,102.7,102.0,7.43,0.065,36.19,54580.1,35477,683.71,0,7.96,-76.9,20.830,0.023,89.99999,180.00000,99.9,2.87,12.1,761.4
11/1/2022,09:42:46,0.0,SQ03,50246.7,0.044,55007.2,102.6,101.9,7.42,0.065,36.20,54595.2,35487,501.16,0,7.96,-76.8,20.830,0.057,89.99999,180.00000,99.9,2.87,12.1,761.4
11/1/2022,09:43:53,0.0,SQ03,49930.2,0.043,55369.2,102.7,102.0,7.50,0.063,36.44,54904.4,35688,2207.81,0,8.01,-79.2,20.257,0.033,89.99999,180.00000,99.9,2.87,12.1,761.4
11/1/2022,09:43:57,0.0,SQ03,49925.3,0.043,55362.0,102.7,102.0,7.50,0.063,36.43,54897.3,35683,1215.41,0,8.01,-79.1,20.258,0.051,89.99999,180.00000,99.9,2.87,12.1,761.4
11/1/2022,09:44:01,0.0,SQ03,49926.6,0.043,55362.2,102.8,102.1,7.51,0.063,36.43,54897.6,35683,1211.00,0,8.00,-79.1,20.259,0.038,89.99999,180.00000,99.9,2.87,12.1,761.4
11/1/2022,09:45:10,0.0,SQ03,50344.3,0.044,55605.8,102.9,102.1,7.48,0.065,36.62,55154.4,35850,324.01,0,8.03,-80.6,20.434,0.048,89.99999,180.00000,99.9,2.87,12.1,761.4
11/1/2022,09:45:15,0.0,SQ03,50343.3,0.044,55608.6,102.7,102.0,7.47,0.064,36.62,55156.8,35852,391.12,0,8.03,-80.5,20.431,0.033,89.99999,180.00000,99.9,2.87,12.1,761.5
11/1/2022,09:45:19,0.0,SQ03,50360.3,0.045,55628.1,102.7,102.0,7.47,0.065,36.64,55176.2,35865,413.89,0,8.03,-80.5,20.430,0.037,89.99999,180.00000,99.9,2.87,12.1,761.5
11/1/2022,09:46:20,0.0,SQ03,50216.5,0.046,55233.7,102.9,102.2,7.47,0.067,36.36,54801.4,35621,306.52,0,8.00,-79.0,20.620,0.064,89.99999,180.00000,99.9,2.87,12.1,761.6
11/1/2022,09:46:23,0.0,SQ03,50211.7,0.046,55181.2,102.9,102.2,7.46,0.067,36.32,54752.8,35589,318.00,0,8.00,-78.9,20.658,0.037,89.99999,180.00000,99.9,2.87,12.1,761.6
11/1/2022,09:46:27,0.0,SQ03,50211.6,0.046,55181.9,102.8,102.1,7.45,0.067,36.32,54753.4,35590,384.66,0,8.00,-78.9,20.657,0.038,89.99999,180.00000,99.9,2.87,12.1,761.6
11/1/2022,09:47:25,0.0,SQ03,50190.3,0.046,55230.0,102.6,101.8,7.44,0.067,36.35,54796.0,35617,349.62,0,8.03,-80.6,20.600,0.031,89.99999,180.00000,99.9,2.87,12.1,761.5
11/1/2022,09:47:29,0.0,SQ03,50189.6,0.046,55209.3,102.6,101.9,7.44,0.067,36.34,54776.9,35605,259.95,0,8.03,-80.5,20.615,0.042,89.99999,180.00000,99.9,2.87,12.1,761.5
11/1/2022,09:47:33,0.0,SQ03,50195.3,0.046,55216.5,102.5,101.8,7.44,0.067,36.35,54784.0,35610,226.09,0,8.03,-80.4,20.615,0.055,89.99999,180.00000,99.9,2.87,12.1,761.5
11/1/2022,09:49:32,0.0,SQ03,49889.7,0.046,55080.4,102.4,101.7,7.46,0.067,36.23,54634.9,35513,56.88,0,8.14,-86.9,20.453,0.066,89.99999,180.00000,99.9,2.87,12.1,761.5
11/1/2022,09:49:37,0.0,SQ03,49901.1,0.046,55078.2,102.4,101.7,7.46,0.067,36.23,54633.7,35512,18872.02,0,8.14,-86.9,20.465,0.030,89.99999,180.00000,99.9,2.87,12.1,761.5
11/1/2022,09:49:42,0.0,SQ03,49904.7,0.047,55080.2,102.4,101.6,7.45,0.068,36.24,54635.8,35513,22788.75,0,8.14,-86.9,20.466,0.039,89.99999,180.00000,99.9,2.87,12.1,761.6
11/1/2022,09:50:49,0.0,SQ03,49726.4,0.046,55459.6,102.3,101.6,7.50,0.067,36.49,54972.5,35732,2029.65,0,8.18,-88.6,20.004,0.039,89.99999,180.00000,99.9,2.87,12.1,761.5
11/1/2022,09:50:53,0.0,SQ03,49732.8,0.046,55464.5,102.4,101.7,7.50,0.066,36.49,54977.4,35735,1291.28,0,8.18,-88.6,20.005,0.052,89.99999,180.00000,99.9,2.87,12.1,761.5
11/1/2022,09:50:57,0.0,SQ03,49748.5,0.046,55484.6,102.4,101.7,7.51,0.067,36.51,54997.2,35748,874.56,0,8.17,-88.5,20.003,0.057,89.99999,180.00000,99.9,2.87,12.1,761.4
11/1/2022,09:52:04,0.0,SQ03,49979.8,0.044,55226.3,102.8,102.1,7.49,0.064,36.34,54776.3,35605,435.93,0,8.17,-88.1,20.415,0.043,89.99999,180.00000,99.9,2.87,12.1,761.3
11/1/2022,09:52:08,0.0,SQ03,49988.9,0.044,55239.4,102.5,101.8,7.47,0.064,36.35,54789.1,35613,495.26,0,8.17,-88.1,20.413,0.038,89.99999,180.00000,99.9,2.87,12.1,761.4
11/1/2022,09:52:12,0.0,SQ03,49991.9,0.044,55247.4,102.4,101.7,7.46,0.064,36.36,54796.7,35618,448.42,0,8.16,-88.0,20.409,0.048,89.99999,180.00000,99.9,2.87,12.1,761.5
11/1/2022,09:53:12,0.0,SQ03,50149.0,0.044,55131.0,102.2,101.5,7.42,0.064,36.28,54701.6,35556,946.96,0,8.19,-89.4,20.643,0.058,89.99999,180.00000,99.9,2.87,12.1,761.5
11/1/2022,09:53:19,0.0,SQ03,50155.0,0.044,55141.9,101.8,101.1,7.39,0.064,36.29,54712.1,35563,409.10,0,8.19,-89.4,20.639,0.058,89.99999,180.00000,99.9,2.87,12.1,761.4
11/1/2022,09:53:24,0.0,SQ03,50151.2,0.044,55139.9,101.7,101.0,7.38,0.065,36.29,54709.9,35561,261.89,0,8.19,-89.6,20.637,0.046,89.99999,180.00000,99.9,2.87,12.1,761.5
11/1/2022,09:54:32,0.0,SQ03,49783.3,0.044,55924.7,101.7,101.0,7.48,0.064,36.81,55406.7,36014,175.05,0,8.17,-88.2,19.686,0.051,89.99999,180.00000,99.9,2.87,12.1,761.5
11/1/2022,09:54:36,0.0,SQ03,49786.1,0.044,55921.7,102.2,101.5,7.52,0.064,36.81,55404.1,36013,258.34,0,8.17,-88.1,19.691,0.028,89.99999,180.00000,99.9,2.87,12.1,761.5
11/1/2022,09:54:41,0.0,SQ03,49792.3,0.044,55915.8,102.5,101.8,7.54,0.065,36.81,55399.1,36009,212.60,0,8.17,-88.1,19.701,0.065,89.99999,180.00000,99.9,2.87,12.1,761.5
11/1/2022,09:57:31,0.0,SQ03,49670.1,0.046,55697.1,101.0,100.3,7.43,0.068,36.65,55187.8,35872,43.13,0,8.14,-86.3,19.766,0.039,89.99999,180.00000,99.9,2.87,12.1,761.6
11/1/2022,09:57:35,0.0,SQ03,49688.3,0.047,55715.6,101.3,100.6,7.45,0.069,36.66,55206.3,35884,156.36,0,8.14,-86.7,19.767,0.059,89.99999,180.00000,99.9,2.87,12.1,761.6
11/1/2022,09:57:44,0.0,SQ03,49694.8,0.047,55742.8,101.6,100.9,7.47,0.068,36.68,55231.9,35901,2309.84,0,8.15,-86.9,19.751,0.060,89.99999,180.00000,99.9,2.87,12.1,761.6
11/1/2022,09:58:28,0.0,SQ03,49600.4,0.047,55559.5,102.2,101.4,7.51,0.068,36.55,55055.3,35786,1343.92,0,8.20,-89.8,19.812,0.028,89.99999,180.00000,99.9,2.87,12.1,761.5
11/1/2022,09:58:32,0.0,SQ03,49602.5,0.046,55559.3,102.1,101.4,7.51,0.067,36.55,55055.3,35786,970.53,0,8.20,-89.8,19.815,0.061,89.99999,180.00000,99.9,2.87,12.1,761.5
11/1/2022,09:58:37,0.0,SQ03,49606.2,0.045,55559.7,102.0,101.3,7.50,0.066,36.55,55056.0,35786,5771.35,0,8.20,-89.8,19.818,0.042,89.99999,180.00000,99.9,2.87,12.1,761.6
11/1/2022,09:59:19,0.0,SQ03,49844.2,0.046,55525.6,102.1,101.4,7.48,0.067,36.54,55042.3,35778,262.91,0,8.13,-85.8,20.056,0.049,89.99999,180.00000,99.9,2.87,12.1,761.5
11/1/2022,09:59:23,0.0,SQ03,49843.0,0.046,55524.4,101.9,101.2,7.46,0.067,36.54,55041.0,35777,304.00,0,8.12,-85.7,20.056,0.065,89.99999,180.00000,99.9,2.87,12.1,761.5
11/1/2022,09:59:26,0.0,SQ03,49840.7,0.046,55522.0,101.7,101.0,7.45,0.067,36.54,55038.7,35775,290.51,0,8.12,-85.6,20.055,0.067,89.99999,180.00000,99.9,2.87,12.1,761.5
11/1/2022,10:00:17,0.0,SQ03,49587.5,0.046,55723.5,101.3,100.7,7.47,0.067,36.66,55206.1,35884,672.12,0,8.19,-89.3,19.672,0.053,89.99999,180.00000,99.9,2.87,12.1,761.6
11/1/2022,10:00:21,0.0,SQ03,49594.0,0.046,55723.3,101.4,100.7,7.47,0.068,36.66,55206.4,35884,372.81,0,8.19,-89.4,19.677,0.051,89.99999,180.00000,99.9,2.87,12.1,761.5
11/1/2022,10:00:25,0.0,SQ03,49587.2,0.046,55710.1,101.5,100.8,7.48,0.067,36.65,55193.7,35876,380.43,0,8.20,-89.5,19.682,0.048,89.99999,180.00000,99.9,2.87,12.1,761.7
11/1/2022,10:01:33,0.0,SQ03,49750.3,0.046,55311.5,101.6,100.9,7.43,0.067,36.39,54837.5,35644,562.79,0,8.17,-88.4,20.143,0.037,89.99999,180.00000,99.9,2.87,12.1,761.5
11/1/2022,10:01:37,0.0,SQ03,49743.4,0.046,55305.4,101.4,100.7,7.42,0.067,36.38,54831.3,35640,409.55,0,8.17,-88.4,20.142,0.045,89.99999,180.00000,99.9,2.87,12.1,761.6
11/1/2022,10:01:41,0.0,SQ03,49747.3,0.046,55310.5,101.2,100.5,7.41,0.067,36.39,54836.3,35644,411.90,0,8.17,-88.2,20.141,0.038,89.99999,180.00000,99.9,2.87,12.1,761.6
11/1/2022,10:03:51,0.0,SQ03,49964.8,0.047,55355.3,101.5,100.8,7.41,0.068,36.43,54894.2,35681,77.00,0,8.09,-83.8,20.299,0.068,89.99999,180.00000,99.9,2.87,12.1,761.6
11/1/2022,10:03:55,0.0,SQ03,49984.3,0.047,55375.1,101.6,100.9,7.41,0.068,36.44,54914.0,35694,65.80,0,8.09,-83.8,20.300,0.059,89.99999,180.00000,99.9,2.87,12.1,761.6
11/1/2022,10:03:59,0.0,SQ03,49953.8,0.047,55340.7,101.7,101.0,7.42,0.068,36.42,54879.9,35672,46.93,0,8.09,-83.9,20.301,0.055,89.99999,180.00000,99.9,2.87,12.1,761.5
11/1/2022,10:04:45,0.0,SQ03,49735.7,0.046,55528.6,101.9,101.2,7.48,0.067,36.54,55036.9,35774,524.38,0,8.16,-87.8,19.957,0.055,89.99999,180.00000,99.9,2.87,12.1,761.5
11/1/2022,10:04:50,0.0,SQ03,49760.6,0.046,55553.9,102.1,101.4,7.49,0.067,36.56,55062.2,35790,420.02,0,8.16,-87.8,19.959,0.042,89.99999,180.00000,99.9,2.87,12.1,761.5
11/1/2022,10:04:55,0.0,SQ03,49774.8,0.046,55568.9,102.1,101.4,7.49,0.067,36.57,55077.1,35800,436.95,0,8.16,-87.8,19.960,0.061,89.99999,180.00000,99.9,2.87,12.1,761.5
11/1/2022,10:05:47,0.0,SQ03,49891.2,0.046,55046.0,102.1,101.3,7.43,0.067,36.21,54603.3,35492,1234.93,0,8.11,-85.2,20.482,0.041,89.99999,180.00000,99.9,2.87,12.1,761.5
11/1/2022,10:05:52,0.0,SQ03,49888.1,0.046,55043.7,101.6,100.9,7.40,0.067,36.21,54600.9,35491,1329.88,0,8.11,-85.0,20.481,0.067,89.99999,180.00000,99.9,2.87,12.1,761.5
11/1/2022,10:05:56,0.0,SQ03,49886.2,0.046,55044.4,101.5,100.8,7.39,0.067,36.21,54601.4,35491,1281.74,0,8.11,-84.8,20.479,0.053,89.99999,180.00000,99.9,2.87,12.1,761.5
11/1/2022,10:06:55,0.0,SQ03,49753.6,0.044,55423.5,101.6,100.9,7.44,0.064,36.46,54941.1,35712,276.97,0,8.08,-83.0,20.057,0.031,89.99999,180.00000,99.9,2.87,12.1,761.5
11/1/2022,10:06:59,0.0,SQ03,49766.0,0.044,55436.2,101.7,101.0,7.45,0.064,36.47,54953.8,35720,292.88,0,8.07,-82.9,20.058,0.062,89.99999,180.00000,99.9,2.87,12.1,761.5
11/1/2022,10:07:05,0.0,SQ03,49774.4,0.044,55435.3,101.8,101.1,7.46,0.065,36.47,54953.6,35720,923.90,0,8.07,-82.8,20.066,0.049,89.99999,180.00000,99.9,2.87,12.1,761.5
11/1/2022,10:07:56,0.0,SQ03,49739.1,0.045,55311.7,102.0,101.3,7.47,0.066,36.39,54836.8,35644,749.89,0,8.09,-83.8,20.133,0.058,89.99999,180.00000,99.9,2.87,12.1,761.5
11/1/2022,10:08:00,0.0,SQ03,49744.8,0.045,55313.3,101.8,101.1,7.45,0.065,36.39,54838.7,35645,1266.89,0,8.09,-83.8,20.137,0.042,89.99999,180.00000,99.9,2.87,12.1,761.6
11/1/2022,10:08:06,0.0,SQ03,49744.2,0.045,55312.3,101.7,101.0,7.44,0.066,36.39,54837.7,35645,358.73,0,8.09,-83.7,20.137,0.055,89.99999,180.00000,99.9,2.87,12.1,761.5
11/1/2022,10:23:10,0.0,SQ03,50243.1,0.046,55103.1,99.2,98.5,7.19,0.067,36.27,54683.2,35544,73.40,0,7.96,-76.8,20.749,0.058,89.99999,180.00000,99.9,2.87,12.1,761.6
11/1/2022,10:23:14,0.0,SQ03,50262.1,0.046,55118.4,99.0,98.3,7.17,0.068,36.28,54698.8,35554,85.76,0,7.96,-76.7,20.753,0.047,89.99999,180.00000,99.9,2.87,12.1,761.7
11/1/2022,10:23:18,0.0,SQ03,50277.6,0.047,55129.1,98.8,98.1,7.15,0.068,36.29,54709.9,35561,108.20,0,7.96,-76.6,20.758,0.060,89.99999,180.00000,99.9,2.87,12.1,761.6
11/1/2022,10:23:38,0.0,SQ03,50205.9,0.046,55074.5,98.4,97.7,7.13,0.068,36.25,54653.9,35525,156.34,0,7.96,-76.5,20.739,0.050,89.99999,180.00000,99.9,2.87,12.1,761.6
11/1/2022,10:23:41,0.0,SQ03,50210.5,0.047,55089.6,98.4,97.7,7.13,0.068,36.26,54668.2,35534,160.72,0,7.95,-76.4,20.731,0.042,89.99999,180.00000,99.9,2.87,12.1,761.6
11/1/2022,10:23:45,0.0,SQ03,50212.3,0.046,55087.1,98.1,97.5,7.11,0.067,36.26,54666.1,35533,161.53,0,7.95,-76.3,20.734,0.043,89.99999,180.00000,99.9,2.87,12.1,761.6
11/1/2022,10:24:05,0.0,SQ03,50200.3,0.046,55081.9,98.1,97.4,7.11,0.067,36.25,54660.3,35529,76.36,0,7.95,-76.0,20.728,0.055,89.99999,180.00000,99.9,2.87,12.1,761.6
11/1/2022,10:24:09,0.0,SQ03,50194.8,0.045,55069.9,98.2,97.6,7.12,0.066,36.24,54648.9,35522,300.51,0,7.95,-75.9,20.733,0.056,89.99999,180.00000,99.9,2.87,12.1,761.6
11/1/2022,10:24:13,0.0,SQ03,50192.2,0.046,55060.6,98.2,97.5,7.11,0.066,36.24,54640.1,35516,317.19,0,7.95,-75.9,20.738,0.039,89.99999,180.00000,99.9,2.87,12.1,761.6
11/1/2022,10:24:35,0.0,SQ03,50156.7,0.045,55058.5,98.4,97.7,7.13,0.066,36.23,54635.4,35513,84.77,0,7.95,-76.1,20.708,0.045,89.99999,180.00000,99.9,2.87,12.1,761.7
11/1/2022,10:24:38,0.0,SQ03,50158.3,0.046,55060.6,98.3,97.6,7.13,0.067,36.24,54637.5,35514,132.39,0,7.95,-76.0,20.708,0.043,89.99999,180.00000,99.9,2.87,12.1,761.6
11/1/2022,10:24:42,0.0,SQ03,50157.4,0.047,55056.0,98.0,97.3,7.11,0.068,36.23,54633.2,35512,185.38,0,7.95,-75.9,20.711,0.039,89.99999,180.00000,99.9,2.87,12.1,761.6
11/1/2022,10:25:04,0.0,SQ03,50206.9,0.047,55104.5,98.1,97.4,7.11,0.068,36.27,54681.7,35543,228.79,0,7.95,-76.1,20.716,0.062,89.99999,180.00000,99.9,2.87,12.1,761.6
11/1/2022,10:25:09,0.0,SQ03,50212.0,0.047,55082.9,98.0,97.3,7.10,0.068,36.25,54662.2,35530,267.37,0,7.95,-75.9,20.738,0.057,89.99999,180.00000,99.9,2.87,12.1,761.6
11/1/2022,10:25:14,0.0,SQ03,50211.4,0.047,55078.0,97.7,97.0,7.07,0.068,36.25,54657.6,35527,1102.03,0,7.94,-75.8,20.741,0.037,89.99999,180.00000,99.9,2.87,12.1,761.6
11/2/2022,09:52:56,0.0,SQ03,49458.7,0.135,55560.2,102.1,101.4,7.53,0.197,36.54,55045.6,35780,135.51,0,8.04,-81.0,19.686,0.140,89.99999,180.00000,99.9,2.87,12.1,768.4
11/2/2022,09:52:59,0.0,SQ03,49474.2,0.135,55566.9,102.5,101.8,7.56,0.197,36.55,55052.9,35784,141.26,0,8.04,-81.0,19.695,0.140,89.99999,180.00000,99.9,2.87,12.1,768.4
11/2/2022,09:53:03,0.0,SQ03,49486.3,0.135,55573.4,102.8,102.1,7.58,0.197,36.55,55059.8,35789,141.29,0,8.04,-81.0,19.700,0.131,89.99999,180.00000,99.9,2.87,12.1,768.4
11/2/2022,09:54:04,0.0,SQ03,49127.1,0.134,55199.2,103.3,102.6,7.63,0.195,36.28,54687.2,35547,326.56,0,8.03,-80.4,19.677,0.119,89.99999,180.00000,99.9,2.87,12.1,768.4
11/2/2022,09:54:07,0.0,SQ03,49131.0,0.134,55196.5,103.5,102.7,7.64,0.195,36.27,54684.9,35545,377.60,0,8.03,-80.2,19.683,0.129,89.99999,180.00000,99.9,2.87,12.1,768.4
11/2/2022,09:54:11,0.0,SQ03,49134.8,0.134,55195.3,103.4,102.7,7.63,0.196,36.27,54684.1,35545,405.85,0,8.02,-80.0,19.687,0.139,89.99999,180.00000,99.9,2.87,12.1,768.4
11/2/2022,09:55:20,0.0,SQ03,48985.9,0.135,55248.5,103.6,102.9,7.67,0.197,36.30,54722.4,35570,345.34,0,8.03,-80.2,19.511,0.135,89.99999,180.00000,99.9,2.87,12.1,768.4
11/2/2022,09:55:24,0.0,SQ03,48988.0,0.135,55235.0,103.7,103.0,7.68,0.197,36.29,54710.1,35562,355.88,0,8.02,-80.0,19.524,0.144,89.99999,180.00000,99.9,2.87,12.1,768.4
11/2/2022,09:55:28,0.0,SQ03,48991.8,0.135,55235.5,103.7,103.0,7.68,0.197,36.29,54710.9,35562,310.88,0,8.02,-79.9,19.527,0.148,89.99999,180.00000,99.9,2.87,12.1,768.4
11/2/2022,09:56:35,0.0,SQ03,49202.5,0.134,55178.9,103.6,102.9,7.64,0.196,36.27,54673.9,35538,287.28,0,8.05,-81.3,19.760,0.131,89.99999,180.00000,99.9,2.87,12.1,768.4
11/2/2022,09:56:39,0.0,SQ03,49202.9,0.134,55181.4,103.5,102.8,7.63,0.195,36.27,54676.3,35540,320.86,0,8.05,-81.2,19.759,0.132,89.99999,180.00000,99.9,2.87,12.1,768.4
11/2/2022,09:56:42,0.0,SQ03,49200.7,0.134,55179.9,103.4,102.7,7.62,0.196,36.27,54674.7,35539,339.06,0,8.04,-81.2,19.758,0.133,89.99999,180.00000,99.9,2.87,12.1,768.4
11/2/2022,09:57:52,0.0,SQ03,49392.0,0.135,55125.3,103.2,102.5,7.58,0.196,36.24,54638.5,35515,357.86,0,8.02,-80.0,19.973,0.133,89.99999,180.00000,99.9,2.87,12.1,768.3
11/2/2022,09:57:56,0.0,SQ03,49395.6,0.135,55132.7,103.0,102.3,7.57,0.197,36.24,54645.6,35520,775.80,0,8.02,-79.9,19.970,0.148,89.99999,180.00000,99.9,2.87,12.1,768.3
11/2/2022,09:58:01,0.0,SQ03,49397.5,0.134,55138.1,102.9,102.2,7.56,0.196,36.25,54650.7,35523,800.82,0,8.02,-79.7,19.967,0.116,89.99999,180.00000,99.9,2.87,12.1,768.4
11/2/2022,10:00:15,0.0,SQ03,49987.2,0.138,56907.5,101.3,100.6,7.51,0.201,37.50,56332.0,36616,60.45,0,8.17,-88.2,19.103,0.142,89.99999,180.00000,99.9,2.87,12.1,768.4
11/2/2022,10:00:36,0.0,SQ03,50130.2,0.137,57096.3,101.3,100.6,7.50,0.201,37.64,56517.2,36736,53.45,0,8.18,-88.5,19.083,0.145,89.99999,180.00000,99.9,2.87,12.1,768.4
11/2/2022,10:00:42,0.0,SQ03,50141.4,0.137,57109.1,101.2,100.5,7.49,0.200,37.65,56529.9,36744,46.80,0,8.18,-88.8,19.083,0.145,89.99999,180.00000,99.9,2.87,12.1,768.4
11/2/2022,10:00:49,0.0,SQ03,50152.2,0.136,57122.1,101.2,100.5,7.49,0.198,37.66,56542.8,36753,43.95,0,8.20,-89.4,19.083,0.150,89.99999,180.00000,99.9,2.87,12.1,768.4
11/2/2022,10:02:28,0.0,SQ03,49260.5,0.135,56461.8,102.8,102.1,7.67,0.197,37.16,55867.3,36314,202.84,0,8.24,-92.1,18.808,0.133,89.99999,180.00000,99.9,2.87,12.1,768.4
11/2/2022,10:02:37,0.0,SQ03,49290.5,0.135,56494.6,102.9,102.2,7.68,0.197,37.18,55899.9,36335,785.25,0,8.24,-92.1,18.810,0.148,89.99999,180.00000,99.9,2.87,12.1,768.4
11/2/2022,10:02:42,0.0,SQ03,49285.7,0.135,56494.8,102.9,102.2,7.68,0.197,37.18,55899.7,36335,463.56,0,8.25,-92.1,18.805,0.145,89.99999,180.00000,99.9,2.87,12.1,768.4
11/2/2022,10:04:05,0.0,SQ03,48891.1,0.136,55367.2,103.1,102.4,7.66,0.198,36.38,54825.5,35637,397.25,0,8.20,-89.5,19.333,0.137,89.99999,180.00000,99.9,2.87,12.1,768.5
11/2/2022,10:04:12,0.0,SQ03,48899.5,0.136,55383.5,102.8,102.1,7.64,0.198,36.39,54841.3,35647,1430.43,0,8.19,-89.3,19.327,0.124,89.99999,180.00000,99.9,2.87,12.1,768.5
11/2/2022,10:04:16,0.0,SQ03,48897.8,0.136,55383.7,102.8,102.1,7.63,0.199,36.39,54841.3,35647,832.37,0,8.19,-89.2,19.326,0.131,89.99999,180.00000,99.9,2.87,12.1,768.4
11/2/2022,10:05:47,0.0,SQ03,49303.9,0.137,56148.8,101.2,100.5,7.52,0.201,36.94,55579.7,36127,115.62,0,8.19,-89.3,19.089,0.160,89.99999,180.00000,99.9,2.87,12.1,768.5
11/2/2022,10:05:51,0.0,SQ03,49309.6,0.138,56151.3,100.7,100.1,7.49,0.201,36.94,55582.5,36129,88.61,0,8.19,-89.3,19.091,0.133,89.99999,180.00000,99.9,2.87,12.1,768.5
11/2/2022,10:05:55,0.0,SQ03,49288.0,0.137,56124.2,100.4,99.7,7.47,0.200,36.92,55555.8,36111,60.43,0,8.19,-89.2,19.093,0.142,89.99999,180.00000,99.9,2.87,12.1,768.5
11/2/2022,10:07:30,0.0,SQ03,48835.3,0.137,55055.1,102.5,101.8,7.60,0.199,36.16,54532.4,35446,523.46,0,8.25,-92.5,19.530,0.132,89.99999,180.00000,99.9,2.87,12.1,768.5
11/2/2022,10:07:35,0.0,SQ03,48825.7,0.137,55047.9,102.5,101.8,7.59,0.200,36.16,54525.0,35441,267.38,0,8.25,-92.4,19.527,0.128,89.99999,180.00000,99.9,2.87,12.1,768.4
11/2/2022,10:07:39,0.0,SQ03,48819.0,0.138,55043.2,102.4,101.7,7.59,0.201,36.15,54520.3,35438,172.35,0,8.25,-92.3,19.525,0.134,89.99999,180.00000,99.9,2.87,12.1,768.4
11/2/2022,10:11:01,0.0,SQ03,49245.8,0.138,55581.0,102.1,101.4,7.55,0.201,36.55,55049.3,35782,163.39,0,8.15,-86.9,19.480,0.140,89.99999,180.00000,99.9,2.87,12.1,768.6
11/2/2022,10:11:04,0.0,SQ03,49256.7,0.137,55586.0,102.2,101.5,7.56,0.200,36.55,55054.6,35786,457.85,0,8.15,-87.0,19.486,0.120,89.99999,180.00000,99.9,2.87,12.1,768.5
11/2/2022,10:11:10,0.0,SQ03,49260.7,0.137,55586.6,102.2,101.5,7.56,0.200,36.55,55055.5,35786,2573.40,0,8.15,-87.2,19.489,0.125,89.99999,180.00000,99.9,2.87,12.1,768.6
11/2/2022,10:12:02,0.0,SQ03,49455.1,0.138,56637.4,101.2,100.5,7.54,0.202,37.29,56043.9,36429,30.54,0,8.19,-89.3,18.845,0.142,89.99999,180.00000,99.9,2.87,12.1,768.5
11/2/2022,10:12:07,0.0,SQ03,49577.6,0.138,56757.8,100.7,100.0,7.50,0.201,37.38,56164.3,36507,39.79,0,8.20,-89.5,18.860,0.137,89.99999,180.00000,99.9,2.87,12.1,768.6
11/2/2022,10:12:10,0.0,SQ03,49589.0,0.138,56759.7,100.5,99.8,7.48,0.201,37.38,56166.8,36508,48.25,0,8.20,-89.5,18.869,0.134,89.99999,180.00000,99.9,2.87,12.1,768.5
11/2/2022,10:13:15,0.0,SQ03,48975.5,0.139,55413.7,102.8,102.1,7.62,0.202,36.42,54874.8,35669,40.38,0,8.16,-87.3,19.371,0.133,89.99999,180.00000,99.9,2.87,12.1,768.5
11/2/2022,10:13:20,0.0,SQ03,48972.9,0.139,55413.0,102.7,102.0,7.62,0.202,36.42,54873.9,35668,35.66,0,8.15,-87.2,19.370,0.146,89.99999,180.00000,99.9,2.87,12.1,768.5
11/2/2022,10:13:24,0.0,SQ03,48976.7,0.138,55416.7,102.6,101.9,7.61,0.201,36.42,54877.6,35670,35.78,0,8.15,-86.9,19.370,0.132,89.99999,180.00000,99.9,2.87,12.1,768.6
11/2/2022,10:14:38,0.0,SQ03,49019.7,0.137,55179.6,102.3,101.6,7.57,0.200,36.26,54661.1,35530,67.18,0,8.18,-88.7,19.596,0.148,89.99999,180.00000,99.9,2.87,12.1,768.7
11/2/2022,10:14:42,0.0,SQ03,49026.5,0.138,55185.8,102.1,101.4,7.55,0.202,36.26,54667.4,35534,1938.51,0,8.18,-88.7,19.598,0.136,89.99999,180.00000,99.9,2.87,12.1,768.6
11/2/2022,10:14:45,0.0,SQ03,49036.0,0.138,55194.1,101.9,101.2,7.54,0.201,36.27,54675.8,35539,849.52,0,8.18,-88.6,19.600,0.140,89.99999,180.00000,99.9,2.87,12.1,768.6
11/2/2022,10:15:42,0.0,SQ03,49027.1,0.138,55052.2,102.3,101.6,7.55,0.202,36.17,54543.8,35453,85.61,0,8.24,-92.2,19.705,0.124,89.99999,180.00000,99.9,2.87,12.1,768.6
11/2/2022,10:15:46,0.0,SQ03,49023.9,0.139,55051.3,102.0,101.3,7.54,0.203,36.17,54542.7,35453,307.59,0,8.24,-92.2,19.702,0.130,89.99999,180.00000,99.9,2.87,12.1,768.5
11/2/2022,10:15:49,0.0,SQ03,49019.4,0.138,55048.6,101.9,101.2,7.53,0.202,36.17,54539.9,35451,990.73,0,8.24,-92.3,19.701,0.136,89.99999,180.00000,99.9,2.87,12.1,768.7
11/2/2022,10:18:29,0.0,SQ03,49250.3,0.137,55834.1,101.7,101.0,7.54,0.200,36.72,55284.1,35935,3969.88,0,8.11,-84.6,19.286,0.132,89.99999,180.00000,99.9,2.87,12.1,768.5
11/2/2022,10:18:34,0.0,SQ03,49251.2,0.138,55836.6,101.7,101.0,7.55,0.201,36.72,55286.5,35936,8110.25,0,8.11,-84.5,19.285,0.136,89.99999,180.00000,99.9,2.87,12.1,768.5
11/2/2022,10:18:38,0.0,SQ03,49252.3,0.138,55836.9,101.8,101.1,7.55,0.201,36.72,55286.9,35936,20375.00,0,8.10,-84.4,19.285,0.142,89.99999,180.00000,99.9,2.87,12.1,768.6
11/2/2022,10:19:40,0.0,SQ03,48961.4,0.139,55195.7,102.5,101.8,7.59,0.203,36.26,54671.8,35537,111.23,0,8.16,-87.6,19.531,0.143,89.99999,180.00000,99.9,2.87,12.1,768.7
11/2/2022,10:19:44,0.0,SQ03,48962.9,0.140,55197.9,102.4,101.7,7.58,0.204,36.27,54673.9,35538,116.77,0,8.16,-87.6,19.531,0.153,89.99999,180.00000,99.9,2.87,12.1,768.7
11/2/2022,10:19:48,0.0,SQ03,48964.6,0.141,55200.2,102.3,101.6,7.58,0.205,36.27,54676.2,35540,78.13,0,8.16,-87.5,19.531,0.145,89.99999,180.00000,99.9,2.87,12.1,768.6
11/2/2022,10:20:43,0.0,SQ03,49355.7,0.140,56456.3,101.9,101.2,7.60,0.204,37.16,55868.8,36315,86.46,0,8.16,-87.2,18.897,0.152,89.99999,180.00000,99.9,2.87,12.1,768.6
11/2/2022,10:21:01,0.0,SQ03,49459.8,0.140,56611.4,101.7,101.0,7.58,0.204,37.27,56020.1,36413,97.42,0,8.15,-86.9,18.869,0.133,89.99999,180.00000,99.9,2.87,12.1,768.7
11/2/2022,10:21:12,0.0,SQ03,49489.1,0.139,56649.8,101.6,100.9,7.57,0.203,37.30,56057.8,36438,195.68,0,8.15,-86.9,18.865,0.121,89.99999,180.00000,99.9,2.87,12.1,768.6
11/2/2022,10:22:11,0.0,SQ03,49876.9,0.138,57144.3,103.2,102.5,7.68,0.202,37.66,56544.1,36754,114.69,0,8.08,-83.1,18.827,0.133,89.99999,180.00000,99.9,2.87,12.1,768.6
11/2/2022,10:22:16,0.0,SQ03,49887.3,0.138,57160.5,103.2,102.4,7.67,0.202,37.67,56559.9,36764,99.59,0,8.08,-82.9,18.823,0.130,89.99999,180.00000,99.9,2.87,12.1,768.6
11/2/2022,10:22:21,0.0,SQ03,49898.7,0.139,57178.1,103.2,102.4,7.67,0.203,37.69,56576.9,36775,517.76,0,8.08,-82.7,18.820,0.130,89.99999,180.00000,99.9,2.87,12.1,768.5
11/2/2022,10:23:29,0.0,SQ03,49299.6,0.141,56093.2,102.7,102.0,7.63,0.206,36.90,55527.8,36093,44.06,0,8.11,-84.9,19.128,0.152,89.99999,180.00000,99.9,2.87,12.1,768.7
11/2/2022,10:23:33,0.0,SQ03,49298.3,0.141,56096.7,102.4,101.7,7.61,0.206,36.91,55531.0,36095,41.40,0,8.11,-84.9,19.124,0.146,89.99999,180.00000,99.9,2.87,12.1,768.7
11/2/2022,10:23:37,0.0,SQ03,49301.0,0.141,56102.8,102.2,101.5,7.59,0.206,36.91,55536.8,36099,38.59,0,8.11,-84.8,19.121,0.148,89.99999,180.00000,99.9,2.87,12.1,768.7
11/2/2022,10:40:03,0.0,SQ03,49757.6,0.140,55178.7,99.4,98.7,7.26,0.204,36.30,54715.4,35565,302.94,0,7.96,-76.7,20.256,0.137,89.99999,180.00000,99.9,2.87,12.1,768.7
11/2/2022,10:40:09,0.0,SQ03,49773.8,0.140,55185.2,98.9,98.2,7.23,0.204,36.30,54722.7,35570,207.89,0,7.96,-76.7,20.265,0.163,89.99999,180.00000,99.9,2.87,12.1,768.7
11/2/2022,10:40:14,0.0,SQ03,49777.1,0.139,55184.4,98.7,98.0,7.21,0.203,36.30,54722.1,35569,177.49,0,7.96,-76.6,20.269,0.137,89.99999,180.00000,99.9,2.87,12.1,768.7
11/2/2022,10:40:52,0.0,SQ03,49833.1,0.141,55014.5,97.8,97.2,7.13,0.205,36.19,54569.7,35470,320.70,0,7.94,-75.3,20.455,0.124,89.99999,180.00000,99.9,2.87,12.1,768.7
11/2/2022,10:40:56,0.0,SQ03,49835.1,0.140,55019.2,97.5,96.8,7.10,0.204,36.19,54574.3,35473,250.04,0,7.93,-75.2,20.454,0.139,89.99999,180.00000,99.9,2.87,12.1,768.7
11/2/2022,10:41:00,0.0,SQ03,49835.8,0.139,55020.7,97.3,96.6,7.09,0.203,36.19,54575.6,35474,176.89,0,7.93,-75.1,20.453,0.146,89.99999,180.00000,99.9,2.87,12.1,768.7
11/2/2022,10:41:34,0.0,SQ03,49847.5,0.140,54972.0,98.6,97.9,7.18,0.204,36.16,54531.7,35446,111.37,0,7.93,-75.1,20.503,0.120,89.99999,180.00000,99.9,2.87,12.1,768.7
11/2/2022,10:41:38,0.0,SQ03,49853.3,0.140,54979.6,98.1,97.4,7.14,0.204,36.16,54539.1,35450,319.60,0,7.93,-75.0,20.502,0.135,89.99999,180.00000,99.9,2.87,12.1,768.7
11/2/2022,10:41:42,0.0,SQ03,49854.1,0.140,54981.5,97.8,97.1,7.12,0.204,36.16,54540.9,35452,192.55,0,7.93,-75.0,20.501,0.158,89.99999,180.00000,99.9,2.87,12.1,768.7
11/2/2022,10:42:10,0.0,SQ03,49835.4,0.140,54956.0,99.0,98.3,7.21,0.205,36.15,54516.0,35435,452.38,0,7.93,-74.8,20.507,0.153,89.99999,180.00000,99.9,2.87,12.1,768.7
11/2/2022,10:42:15,0.0,SQ03,49853.4,0.140,54938.3,98.4,97.7,7.16,0.204,36.13,54501.1,35426,307.04,0,7.93,-74.7,20.535,0.125,89.99999,180.00000,99.9,2.87,12.1,768.7
11/2/2022,10:42:21,0.0,SQ03,49869.3,0.141,54958.4,97.8,97.1,7.12,0.205,36.15,54520.8,35439,308.50,0,7.92,-74.7,20.533,0.135,89.99999,180.00000,99.9,2.87,12.1,768.7
11/2/2022,10:42:59,0.0,SQ03,49949.5,0.137,55041.0,97.8,97.2,7.11,0.200,36.21,54603.1,35492,327.61,0,7.93,-75.0,20.538,0.135,89.99999,180.00000,99.9,2.87,12.1,768.6
11/2/2022,10:43:04,0.0,SQ03,49947.3,0.138,55039.1,97.4,96.8,7.09,0.201,36.21,54601.3,35491,369.04,0,7.93,-75.0,20.537,0.136,89.99999,180.00000,99.9,2.87,12.1,768.6
11/2/2022,10:43:08,0.0,SQ03,49944.5,0.138,55036.2,97.2,96.5,7.07,0.202,36.21,54598.3,35489,391.62,0,7.93,-74.8,20.537,0.147,89.99999,180.00000,99.9,2.87,12.1,768.7
11/3/2022,09:43:24,0.0,SQ03,49024.2,0.192,55744.1,100.7,100.0,7.49,0.280,36.65,55184.5,35870,139.43,0,7.92,-74.2,19.156,0.183,89.99999,180.00000,99.9,2.87,12.1,772.7
11/3/2022,09:43:27,0.0,SQ03,49043.2,0.192,55751.6,101.4,100.7,7.54,0.280,36.65,55192.8,35875,128.23,0,7.92,-74.2,19.166,0.184,89.99999,180.00000,99.9,2.87,12.1,772.7
11/3/2022,09:43:31,0.0,SQ03,49060.3,0.192,55751.0,101.9,101.2,7.57,0.280,36.65,55193.5,35876,150.35,0,7.92,-74.1,19.182,0.199,89.99999,180.00000,99.9,2.87,12.1,772.8
11/3/2022,09:44:54,0.0,SQ03,49203.9,0.190,55990.1,103.8,103.1,7.72,0.278,36.83,55425.4,36027,352.50,0,7.95,-76.0,19.123,0.192,89.99999,180.00000,99.9,2.87,12.1,772.6
11/3/2022,09:44:57,0.0,SQ03,49232.4,0.191,56019.6,103.8,103.0,7.72,0.278,36.85,55454.8,36046,382.18,0,7.95,-75.9,19.125,0.194,89.99999,180.00000,99.9,2.87,12.1,772.6
11/3/2022,09:45:04,0.0,SQ03,49235.4,0.191,56023.4,103.6,102.9,7.71,0.279,36.85,55458.5,36048,486.19,0,7.94,-75.5,19.125,0.200,89.99999,180.00000,99.9,2.87,12.1,772.6
11/3/2022,09:46:09,0.0,SQ03,48568.3,0.193,56402.5,103.1,102.4,7.78,0.281,37.08,55765.1,36247,169.38,0,7.91,-73.6,18.243,0.187,89.99999,180.00000,99.9,2.87,12.1,772.8
11/3/2022,09:46:12,0.0,SQ03,48582.3,0.192,56411.0,103.3,102.6,7.79,0.281,37.08,55774.0,36253,168.64,0,7.91,-73.5,18.249,0.176,89.99999,180.00000,99.9,2.87,12.1,772.7
11/3/2022,09:46:16,0.0,SQ03,48588.7,0.193,56417.2,103.3,102.6,7.80,0.282,37.09,55780.2,36257,179.59,0,7.91,-73.4,18.250,0.204,89.99999,180.00000,99.9,2.87,12.1,772.7
11/3/2022,09:47:22,0.0,SQ03,48605.5,0.194,56520.5,103.6,102.9,7.82,0.283,37.16,55877.5,36320,1326.67,0,7.92,-74.1,18.186,0.189,89.99999,180.00000,99.9,2.87,12.1,772.6
11/3/2022,09:47:26,0.0,SQ03,48610.0,0.193,56524.7,103.6,102.9,7.82,0.282,37.16,55881.8,36323,1183.23,0,7.92,-74.0,18.187,0.182,89.99999,180.00000,99.9,2.87,12.1,772.6
11/3/2022,09:47:30,0.0,SQ03,48612.2,0.192,56525.4,103.6,102.9,7.82,0.281,37.16,55882.6,36324,1214.53,0,7.92,-73.9,18.189,0.196,89.99999,180.00000,99.9,2.87,12.1,772.6
11/3/2022,09:48:57,0.0,SQ03,50211.0,0.192,57189.2,103.6,102.9,7.67,0.280,37.71,56609.1,36796,121.33,0,7.93,-74.8,19.083,0.184,89.99999,180.00000,99.9,2.87,12.1,772.6
11/3/2022,09:49:01,0.0,SQ03,50229.1,0.192,57211.6,103.5,102.7,7.66,0.281,37.73,56631.2,36810,113.79,0,7.93,-74.6,19.081,0.189,89.99999,180.00000,99.9,2.87,12.1,772.6
11/3/2022,09:49:06,0.0,SQ03,50262.3,0.193,57241.6,103.4,102.7,7.65,0.282,37.75,56661.4,36830,123.68,0,7.92,-74.4,19.087,0.173,89.99999,180.00000,99.9,2.87,12.1,772.6
11/3/2022,09:50:54,0.0,SQ03,48791.8,0.192,55422.9,101.8,101.1,7.58,0.280,36.41,54870.1,35666,229.50,0,8.05,-81.6,19.200,0.186,89.99999,180.00000,99.9,2.87,12.1,772.7
11/3/2022,09:50:59,0.0,SQ03,48789.7,0.193,55419.2,101.9,101.2,7.58,0.281,36.41,54866.5,35663,208.08,0,8.05,-81.6,19.201,0.211,89.99999,180.00000,99.9,2.87,12.1,772.6
11/3/2022,09:51:04,0.0,SQ03,48788.6,0.192,55415.5,101.9,101.2,7.59,0.280,36.41,54863.0,35661,176.21,0,8.05,-81.6,19.203,0.203,89.99999,180.00000,99.9,2.87,12.1,772.6
11/3/2022,09:52:19,0.0,SQ03,48557.9,0.191,55412.4,102.9,102.2,7.69,0.279,36.39,54843.8,35648,172.07,0,8.05,-81.2,18.999,0.187,89.99999,180.00000,99.9,2.87,12.1,772.7
11/3/2022,09:52:24,0.0,SQ03,48559.9,0.191,55404.8,102.8,102.1,7.68,0.278,36.39,54836.9,35644,184.27,0,8.05,-81.1,19.007,0.203,89.99999,180.00000,99.9,2.87,12.1,772.7
11/3/2022,09:52:29,0.0,SQ03,48579.2,0.191,55424.9,102.6,101.9,7.67,0.278,36.40,54856.9,35657,202.64,0,8.04,-81.0,19.009,0.185,89.99999,180.00000,99.9,2.87,12.1,772.6
11/3/2022,09:53:50,0.0,SQ03,48812.2,0.191,55188.7,102.9,102.2,7.64,0.279,36.25,54654.5,35525,208.65,0,8.08,-83.3,19.403,0.194,89.99999,180.00000,99.9,2.87,12.1,772.6
11/3/2022,09:53:59,0.0,SQ03,48824.2,0.191,55203.5,102.8,102.1,7.63,0.279,36.26,54669.1,35535,307.07,0,8.08,-83.1,19.403,0.202,89.99999,180.00000,99.9,2.87,12.1,772.6
11/3/2022,09:54:03,0.0,SQ03,48835.9,0.191,55209.6,102.8,102.1,7.63,0.279,36.27,54675.6,35539,1054.29,0,8.08,-83.0,19.408,0.181,89.99999,180.00000,99.9,2.87,12.1,772.6
11/3/2022,09:55:17,0.0,SQ03,48692.9,0.190,56525.1,102.1,101.4,7.70,0.278,37.17,55887.6,36327,556.46,0,8.07,-82.3,18.260,0.185,89.99999,180.00000,99.9,2.87,12.1,772.6
11/3/2022,09:55:20,0.0,SQ03,48696.4,0.191,56524.1,102.1,101.4,7.70,0.278,37.17,55886.9,36327,538.67,0,8.07,-82.3,18.264,0.186,89.99999,180.00000,99.9,2.87,12.1,772.7
11/3/2022,09:55:23,0.0,SQ03,48700.0,0.191,56525.8,102.1,101.4,7.70,0.278,37.17,55888.8,36328,593.47,0,8.07,-82.3,18.266,0.205,89.99999,180.00000,99.9,2.87,12.1,772.6
11/3/2022,09:56:54,0.0,SQ03,48658.7,0.190,55332.2,103.2,102.5,7.69,0.277,36.34,54776.5,35605,267.14,0,8.10,-84.2,19.153,0.200,89.99999,180.00000,99.9,2.87,12.1,772.5
11/3/2022,09:56:57,0.0,SQ03,48657.5,0.190,55327.0,102.9,102.2,7.67,0.277,36.34,54771.6,35602,307.68,0,8.10,-84.2,19.156,0.207,89.99999,180.00000,99.9,2.87,12.1,772.6
11/3/2022,09:57:00,0.0,SQ03,48658.2,0.190,55322.2,102.7,102.0,7.65,0.277,36.34,54767.2,35599,322.25,0,8.10,-84.0,19.160,0.210,89.99999,180.00000,99.9,2.87,12.1,772.6
11/3/2022,10:00:04,0.0,SQ03,48899.3,0.192,56230.1,102.2,101.5,7.66,0.280,36.98,55627.1,36158,22.60,0,8.04,-80.5,18.668,0.187,89.99999,180.00000,99.9,2.87,12.1,772.6
11/3/2022,10:00:11,0.0,SQ03,48902.4,0.191,56234.8,102.5,101.8,7.68,0.279,36.98,55631.6,36161,19.80,0,8.04,-80.5,18.667,0.205,89.99999,180.00000,99.9,2.87,12.1,772.6
11/3/2022,10:00:17,0.0,SQ03,48916.2,0.191,56266.5,102.6,101.9,7.69,0.279,37.00,55662.0,36180,16.81,0,8.04,-80.5,18.655,0.201,89.99999,180.00000,99.9,2.87,12.1,772.6
11/3/2022,10:01:05,0.0,SQ03,48522.2,0.191,55388.2,102.9,102.2,7.69,0.279,36.37,54818.8,35632,106.19,0,8.07,-82.4,18.986,0.191,89.99999,180.00000,99.9,2.87,12.1,772.5
11/3/2022,10:01:09,0.0,SQ03,48533.1,0.191,55399.8,102.7,102.0,7.68,0.279,36.38,54830.4,35640,109.12,0,8.07,-82.3,18.987,0.189,89.99999,180.00000,99.9,2.87,12.1,772.6
11/3/2022,10:01:12,0.0,SQ03,48525.1,0.191,55390.8,102.5,101.8,7.66,0.279,36.38,54821.4,35634,108.61,0,8.07,-82.2,18.987,0.182,89.99999,180.00000,99.9,2.87,12.1,772.6
11/3/2022,10:01:59,0.0,SQ03,48664.1,0.190,55298.2,102.9,102.2,7.66,0.277,36.32,54745.4,35584,121.17,0,8.02,-79.9,19.184,0.191,89.99999,180.00000,99.9,2.87,12.1,772.6
11/3/2022,10:02:01,0.0,SQ03,48671.8,0.190,55308.8,102.8,102.1,7.66,0.278,36.33,54755.7,35591,117.41,0,8.02,-79.8,19.183,0.205,89.99999,180.00000,99.9,2.87,12.1,772.6
11/3/2022,10:02:04,0.0,SQ03,48681.7,0.191,55322.9,102.7,102.0,7.65,0.278,36.34,54769.5,35600,119.93,0,8.02,-79.7,19.180,0.204,89.99999,180.00000,99.9,2.87,12.1,772.6
11/3/2022,10:02:56,0.0,SQ03,48854.8,0.190,55924.0,102.2,101.5,7.64,0.278,36.76,55339.6,35971,325.12,0,8.00,-78.7,18.865,0.184,89.99999,180.00000,99.9,2.87,12.1,772.6
11/3/2022,10:03:00,0.0,SQ03,48854.1,0.191,55923.7,102.2,101.5,7.64,0.278,36.76,55339.2,35970,255.64,0,8.00,-78.6,18.865,0.190,89.99999,180.00000,99.9,2.87,12.1,772.6
11/3/2022,10:03:03,0.0,SQ03,48860.9,0.190,55930.3,102.1,101.4,7.63,0.278,36.77,55345.8,35975,239.22,0,8.00,-78.6,18.865,0.169,89.99999,180.00000,99.9,2.87,12.1,772.6
11/3/2022,10:04:09,0.0,SQ03,50016.5,0.191,58084.3,101.3,100.6,7.59,0.279,38.32,57427.9,37328,28.82,0,8.05,-81.3,18.243,0.210,89.99999,180.00000,99.9,2.87,12.1,772.6
11/3/2022,10:04:12,0.0,SQ03,49999.3,0.190,58055.0,101.2,100.5,7.58,0.278,38.30,57399.5,37310,27.36,0,8.05,-81.3,18.250,0.183,89.99999,180.00000,99.9,2.87,12.1,772.6
11/3/2022,10:04:15,0.0,SQ03,49975.9,0.190,58020.2,101.1,100.4,7.57,0.278,38.28,57365.5,37288,25.22,0,8.05,-81.4,18.256,0.213,89.99999,180.00000,99.9,2.87,12.1,772.6
11/3/2022,10:04:35,0.0,SQ03,49924.3,0.190,57881.5,100.5,99.8,7.53,0.278,38.18,57232.9,37201,44.38,0,8.06,-81.8,18.314,0.203,89.99999,180.00000,99.9,2.87,12.1,772.6
11/3/2022,10:04:42,0.0,SQ03,49906.4,0.190,57859.7,100.1,99.4,7.50,0.278,38.16,57211.4,37187,412.66,0,8.06,-81.9,18.314,0.170,89.99999,180.00000,99.9,2.87,12.1,772.6
11/3/2022,10:04:48,0.0,SQ03,49964.8,0.191,57940.0,99.8,99.1,7.47,0.279,38.22,57290.1,37239,419.70,0,8.06,-81.8,18.306,0.182,89.99999,180.00000,99.9,2.87,12.1,772.6
11/3/2022,10:04:53,0.0,SQ03,50086.2,0.191,58087.0,99.5,98.8,7.45,0.279,38.33,57435.1,37333,369.72,0,8.06,-81.6,18.301,0.194,89.99999,180.00000,99.9,2.87,12.1,772.6
11/3/2022,10:04:58,0.0,SQ03,50105.2,0.191,58114.7,99.3,98.6,7.43,0.280,38.35,57462.2,37350,285.12,0,8.06,-81.6,18.297,0.195,89.99999,180.00000,99.9,2.87,12.1,772.6
11/3/2022,10:05:04,0.0,SQ03,50067.2,0.191,58072.8,99.1,98.4,7.42,0.279,38.32,57420.6,37323,131.43,0,8.06,-81.5,18.295,0.175,89.99999,180.00000,99.9,2.87,12.1,772.5
11/3/2022,10:05:09,0.0,SQ03,50015.0,0.192,58006.4,99.0,98.3,7.41,0.280,38.27,57355.2,37281,73.93,0,8.05,-81.5,18.300,0.200,89.99999,180.00000,99.9,2.87,12.1,772.5
11/3/2022,10:07:58,0.0,SQ03,49403.5,0.190,57255.3,100.8,100.1,7.56,0.278,37.71,56615.0,36800,4176.42,0,8.01,-79.0,18.331,0.173,89.99999,180.00000,99.9,2.87,12.1,772.6
11/3/2022,10:08:03,0.0,SQ03,49442.4,0.191,57290.7,100.9,100.2,7.57,0.279,37.74,56650.6,36823,451.48,0,8.01,-79.0,18.338,0.198,89.99999,180.00000,99.9,2.87,12.1,772.6
11/3/2022,10:08:07,0.0,SQ03,49433.0,0.191,57279.9,100.9,100.2,7.57,0.279,37.73,56639.9,36816,1568.66,0,8.01,-79.0,18.338,0.174,89.99999,180.00000,99.9,2.87,12.1,772.6
11/3/2022,10:09:01,0.0,SQ03,48790.5,0.190,56662.8,102.8,102.1,7.75,0.277,37.27,56022.3,36415,752.51,0,8.01,-78.7,18.241,0.201,89.99999,180.00000,99.9,2.87,12.1,772.5
11/3/2022,10:09:04,0.0,SQ03,48782.3,0.190,56650.4,102.8,102.1,7.75,0.277,37.26,56010.3,36407,689.51,0,8.00,-78.6,18.244,0.190,89.99999,180.00000,99.9,2.87,12.1,772.6
11/3/2022,10:09:09,0.0,SQ03,48793.3,0.190,56659.5,102.8,102.1,7.75,0.277,37.27,56019.5,36413,633.47,0,8.00,-78.5,18.246,0.202,89.99999,180.00000,99.9,2.87,12.1,772.6
11/3/2022,10:10:06,0.0,SQ03,48344.1,0.191,55259.8,103.1,102.3,7.72,0.279,36.28,54687.1,35547,421.26,0,8.04,-80.6,18.927,0.181,89.99999,180.00000,99.9,2.87,12.1,772.6
11/3/2022,10:10:10,0.0,SQ03,48343.3,0.191,55257.1,102.8,102.1,7.70,0.278,36.27,54684.6,35545,795.63,0,8.04,-80.6,18.929,0.205,89.99999,180.00000,99.9,2.87,12.1,772.6
11/3/2022,10:10:13,0.0,SQ03,48340.3,0.190,55251.9,102.6,101.9,7.68,0.277,36.27,54679.6,35542,532.25,0,8.04,-80.5,18.930,0.201,89.99999,180.00000,99.9,2.87,12.1,772.6
11/3/2022,10:11:02,0.0,SQ03,48527.8,0.191,55893.5,102.9,102.2,7.73,0.279,36.72,55288.7,35938,134.72,0,7.98,-77.1,18.598,0.185,89.99999,180.00000,99.9,2.87,12.1,772.6
11/3/2022,10:11:05,0.0,SQ03,48533.2,0.191,55895.9,102.8,102.1,7.72,0.279,36.72,55291.3,35939,441.02,0,7.97,-77.1,18.601,0.181,89.99999,180.00000,99.9,2.87,12.1,772.6
11/3/2022,10:11:09,0.0,SQ03,48534.9,0.191,55895.7,102.7,102.0,7.71,0.278,36.72,55291.2,35939,312.22,0,7.97,-76.9,18.602,0.187,89.99999,180.00000,99.9,2.87,12.1,772.6
11/3/2022,10:12:05,0.0,SQ03,48550.2,0.190,55199.1,103.0,102.3,7.68,0.277,36.24,54645.3,35519,82.07,0,8.01,-78.9,19.160,0.185,89.99999,180.00000,99.9,2.87,12.1,772.6
11/3/2022,10:12:08,0.0,SQ03,48537.7,0.190,55202.5,102.5,101.8,7.65,0.277,36.25,54647.6,35521,67.41,0,8.00,-78.9,19.146,0.172,89.99999,180.00000,99.9,2.87,12.1,772.6
11/3/2022,10:12:12,0.0,SQ03,48516.6,0.190,55187.1,102.2,101.5,7.63,0.278,36.23,54631.9,35511,25.46,0,8.00,-78.8,19.140,0.196,89.99999,180.00000,99.9,2.87,12.1,772.6
11/3/2022,10:13:50,0.0,SQ03,46156.5,0.190,51387.1,101.8,101.1,7.59,0.277,33.50,50941.8,33112,34.00,0,8.06,-81.9,20.081,0.203,89.99999,180.00000,99.9,2.87,12.1,772.6
11/3/2022,10:13:55,0.0,SQ03,46129.5,0.190,51364.2,101.9,101.2,7.60,0.276,33.48,50918.7,33097,28.28,0,8.05,-81.8,20.076,0.188,89.99999,180.00000,99.9,2.87,12.1,772.6
11/3/2022,10:13:59,0.0,SQ03,46128.3,0.191,51364.5,102.0,101.3,7.60,0.277,33.48,50918.8,33097,26.25,0,8.05,-81.8,20.074,0.201,89.99999,180.00000,99.9,2.87,12.1,772.6
11/3/2022,10:14:04,0.0,SQ03,46126.9,0.191,51360.4,102.1,101.4,7.61,0.279,33.48,50914.9,33095,28.89,0,8.05,-81.7,20.076,0.176,89.99999,180.00000,99.9,2.87,12.1,772.6
11/3/2022,10:14:08,0.0,SQ03,46129.0,0.191,51358.2,102.2,101.4,7.61,0.279,33.48,50913.1,33094,32.15,0,8.05,-81.7,20.080,0.189,89.99999,180.00000,99.9,2.87,12.1,772.6
