20190603_SBNMS,,,,,,,,,,
Eureka_Manta_2,V7.04,2193610,,,,,,,,
DATE,TIME,Temp_deg_C,pH_units,Depth_m,SpCond_uS/cm,HDO_mg/l,HDO_%Sat,Chl_ug/l,pH_mV,Int_Batt_V
Eureka_Manta_2,V7.04,2193610,,,,,,,,
DATE,TIME,Temp_deg_C,pH_units,Depth_m,SpCond_uS/cm,HDO_mg/l,HDO_%Sat,Chl_ug/l,pH_mV,Int_Batt_V
Eureka_Manta_2,V7.04,2193610,,,,,,,,
DATE,TIME,Temp_deg_C,pH_units,Depth_m,SpCond_uS/cm,HDO_mg/l,HDO_%Sat,Chl_ug/l,pH_mV,Int_Batt_V
6/3/19,7:33:20,12.61,8.24,0.5,46380,8.57,96.9,0.68,-61.9,9.01
6/3/19,7:33:25,12.53,8.36,0.47,47070,8.53,96.6,0.66,-68.8,9.13
6/3/19,7:33:30,12.51,8.4,0.69,47120,8.54,96.7,0.58,-70.8,9.14
6/3/19,7:33:35,12.5,8.41,0.59,47110,8.6,97.4,0.57,-71.5,9.09
6/3/19,7:33:40,12.5,8.42,0.52,47100,9.09,102.9,0.58,-72.1,9.14
6/3/19,7:33:45,12.48,8.46,2.52,47070,9.2,104.1,0.58,-74.3,9.09
6/3/19,7:33:50,8.06,8.35,8.09,49610,10.05,104.3,1.71,-67.1,9.06
6/3/19,7:33:55,6.26,8.29,13.25,50140,10.19,101.6,2.47,-63.2,9.09
6/3/19,7:34:00,6.2,8.3,17.91,50490,10.1,100.8,2.66,-63.8,9.13
6/3/19,7:34:05,6.21,8.31,22.84,50550,9.99,99.7,2.67,-64.2,9.04
6/3/19,7:34:10,6.04,8.31,27.77,50740,10,99.5,2.5,-64,9.13
6/3/19,7:34:15,5.77,8.29,32.48,50800,10.03,99.1,2.45,-63.2,9.04
6/3/19,7:34:20,5.77,8.29,33.67,50800,9.94,98.2,4,-63.2,8.96
6/3/19,7:34:25,5.74,8.3,34.19,50840,9.86,97.4,2.44,-63.3,9.13
6/3/19,7:34:30,5.72,8.3,34.99,50830,9.86,97.4,3.17,-63.5,9.11
6/3/19,7:34:35,5.73,8.3,34.83,50860,9.85,97.3,4.14,-63.5,9.04
6/3/19,7:34:40,5.74,8.3,33.09,50830,9.83,97.1,3.25,-63.5,9.13
6/3/19,7:34:45,5.93,8.31,26.52,50670,9.78,97,3.51,-64.1,9.06
6/3/19,7:34:50,6.21,8.24,19.79,50540,9.71,96.9,2.68,-60.4,9.04
6/3/19,7:34:55,6.18,8.18,13.13,50440,9.74,97,2.26,-57,9.11
6/3/19,7:35:00,7.6,8.23,7.38,48760,9.5,97.1,3.6,-60.3,9.09
6/3/19,7:35:05,11.55,8.37,2.73,46360,9.49,104.9,0.82,-68.9,9.06
6/3/19,7:35:10,12.5,8.43,0.18,46910,9.79,110.8,0.49,-72.7,9.08
6/3/19,7:35:15,12.29,8.12,0.03,2065,12.19,114.2,-3.41,-55.4,9.03
6/3/19,7:35:20,12.09,7.36,0.03,58,12.21,113.1,-0.29,-13,9.04
6/3/19,7:35:25,12.04,7.63,0.02,39.8,12.17,112.6,0.03,-27.9,9.04
6/3/19,7:35:30,12.04,7.52,0.03,30.2,11.88,109.9,0.05,-22.2,8.99
6/3/19,7:35:35,12.04,7.35,0.02,26.5,11.65,107.8,0.06,-12.8,9.01
6/3/19,7:35:40,12.01,7.21,0.02,24.1,11.57,107,0.05,-4.7,9.06
6/3/19,7:35:45,12.03,7.14,0.03,23.3,11.44,105.8,0.02,-1.2,8.96
6/3/19,7:35:50,12.03,7.04,0.03,22.6,11.25,104,0.07,4.6,9.03
6/3/19,7:35:55,12.06,7,0.01,22.2,11.02,102,0.06,6.7,9.03
6/3/19,7:36:00,12.06,6.89,0.01,22,10.96,101.4,0.04,12.4,9.06
6/3/19,7:36:05,12.08,6.86,0.01,21.9,10.87,100.7,0.06,12.8,9.06
6/3/19,7:36:10,12.08,6.8,0.01,21.7,10.82,100.2,0.06,8.2,9.08
6/3/19,7:36:15,12.06,6.72,0.01,21.5,10.8,99.9,0.02,17.8,9.01
6/3/19,7:36:20,12.08,6.82,0,21.4,10.77,99.7,0.05,18.2,8.99
6/3/19,7:36:25,12.1,6.75,0.02,21.4,10.76,99.7,0.08,14.2,9.06
6/3/19,7:36:30,12.12,6.5,0.02,21.3,10.75,99.6,-1.4,32.5,8.94
6/3/19,7:36:35,12.14,6.56,0.01,21.3,10.73,99.5,-0.63,31.1,9.04
6/3/19,7:36:40,12.17,6.54,0.01,21.2,10.71,99.4,-1.46,34.1,9.04
6/3/19,7:36:45,12.18,6.72,0.01,21.4,10.71,99.4,0.05,22.4,9.06
6/3/19,7:36:50,12.25,6.63,0.01,21.3,10.68,99.3,-1.36,24.8,9.04
6/3/19,7:36:55,12.32,6.56,0.01,21.3,10.66,99.2,-1.46,29.3,9.01
6/3/19,7:37:00,12.33,6.52,0,21.2,10.66,99.2,-1.41,22.7,9.08
6/3/19,7:37:05,12.35,6.33,0,21.1,10.65,99.2,-1.51,40.8,9.06
6/3/19,7:37:10,12.32,6.57,0,21.1,10.65,99.2,-0.45,39.9,9.06
6/3/19,7:37:15,12.46,6.47,0,21.1,10.62,99.2,-1.59,35.2,9.03
6/3/19,7:37:20,12.56,6.71,0,21,10.59,99.2,-1.6,22.3,9.03
6/3/19,7:37:25,12.65,6.59,0,20.9,10.58,99.2,-1.56,28.8,9.06
6/3/19,7:37:30,12.7,6.7,0,20.8,10.56,99.2,0.02,22.6,9.08
6/3/19,7:37:35,12.76,6.7,0,20.7,10.55,99.2,-0.03,23,9.06
6/3/19,7:37:40,12.79,6.35,0,20.5,10.55,99.2,0.06,41.7,8.99
6/3/19,7:37:45,12.82,6.52,0,20.5,10.54,99.2,0.04,32.4,9.06
6/3/19,7:37:50,12.85,6.28,0,20.4,10.54,99.3,-1.31,45.8,9.01
6/3/19,7:37:55,12.9,6.43,0,20.3,10.52,99.2,0.02,37.5,8.96
6/3/19,7:38:00,12.92,6.41,0,20.3,10.52,99.2,-1.31,38.4,9.03
6/3/19,7:38:05,13.04,6.51,0,20.2,10.49,99.3,-1.54,33,9.06
6/3/19,7:38:10,13.1,6.48,0,19.9,10.47,99.2,-1.62,34.9,9.06
6/3/19,7:38:15,13.26,6.41,0,19.8,10.44,99.2,-1.42,38.7,9.04
6/3/19,7:38:20,13.29,6.24,0,19.6,10.43,99.2,-1.42,47.8,9.03
6/3/19,7:38:25,13.31,6.31,0,19.6,10.43,99.3,-1.23,43.9,9.03
6/3/19,7:38:30,13.31,6.16,0,27.4,10.43,99.3,0.06,52,8.96
6/3/19,7:38:35,13.28,6.15,0,29.2,10.43,99.3,0.06,52.5,8.96
6/3/19,7:38:40,13.26,6.03,0,28.1,10.44,99.3,0.02,59.4,8.98
6/3/19,7:38:45,13.28,6.05,0,26.6,10.44,99.3,0.04,58.2,8.99
6/3/19,7:38:50,13.27,6.17,0,26,10.44,99.3,0,51.8,9.01
6/3/19,7:38:55,13.21,6.02,0,26,10.45,99.3,0.05,59.4,8.99
6/3/19,7:39:00,13.24,6.11,0,25.1,10.45,99.3,0.05,54.6,9.03
Eureka_Manta_2,V7.04,2193610,,,,,,,,
DATE,TIME,Temp_deg_C,pH_units,Depth_m,SpCond_uS/cm,HDO_mg/l,HDO_%Sat,Chl_ug/l,pH_mV,Int_Batt_V
6/3/19,8:21:40,13.01,8.3,0.95,4604,10.25,98.4,3.59,-65.5,9.06
6/3/19,8:21:45,12.57,8.46,0.6,46970,8.36,94.7,0.42,-74.2,9.11
6/3/19,8:21:50,12.56,8.49,0.78,47040,8.67,98.3,0.25,-75.8,9.13
6/3/19,8:21:55,12.54,8.5,0.76,47070,8.71,98.7,0.46,-76.6,9.04
6/3/19,8:22:00,12.55,8.51,0.82,47030,8.82,100,0.47,-77,9.09
6/3/19,8:22:05,12.52,8.52,2.87,46950,9.24,104.6,0.5,-77.5,9.13
6/3/19,8:22:10,7.24,8.38,7.97,49720,10.07,102.6,2.53,-68.1,9.01
6/3/19,8:22:15,6.46,8.33,12.85,49920,9.95,99.6,3.31,-65.4,9.11
6/3/19,8:22:20,6.34,8.32,17.82,50280,9.84,98.3,2.97,-64.5,9.09
6/3/19,8:22:25,6.39,8.33,22.95,50460,9.79,98.1,3.06,-65.2,9.09
6/3/19,8:22:30,6.39,8.33,24.87,50480,9.77,97.9,3.79,-65.1,9.08
6/3/19,8:22:35,6.38,8.33,28.68,50490,9.77,97.9,2.65,-65.2,9.04
6/3/19,8:22:40,6.39,8.32,28.27,50490,9.77,97.9,3.9,-65,9.01
6/3/19,8:22:45,6.4,8.32,27.9,50500,9.7,97.2,3.76,-64.9,9.13
6/3/19,8:22:50,6.4,8.32,26.49,50540,9.72,97.5,3.13,-64.8,9.08
6/3/19,8:22:55,6.39,8.32,20.23,50460,9.74,97.5,4.23,-64.8,9.06
6/3/19,8:23:00,6.28,8.31,14.06,50400,9.87,98.6,3.03,-64.2,9.08
6/3/19,8:23:05,6.75,8.32,8.27,49480,9.81,98.7,3.61,-64.9,9.03
6/3/19,8:23:10,11.1,8.46,3.63,45730,9.06,98.9,0.85,-73.9,9.01
6/3/19,8:23:15,12.53,8.52,0.19,46990,8.89,100.7,0.36,-77.7,9.06
6/3/19,8:23:20,12.48,8.48,0.06,17730,11.5,114.7,4.16,-75.5,9.06
6/3/19,8:23:25,12.08,7.33,0.05,85.1,12.3,113.9,-0.69,-11.4,8.89
6/3/19,8:23:30,12.2,7.81,0.04,50.7,12.08,112.2,-0.51,-38.3,9.09
6/3/19,8:23:35,12.29,7.83,0.04,44.6,11.93,111,-0.41,-39,9.01
6/3/19,8:23:40,12.36,7.72,0.03,41.2,11.69,108.9,-0.52,-33.1,8.98
6/3/19,8:23:45,12.55,7.7,0.04,37.4,11.48,107.5,-0.52,-31.9,9.01
6/3/19,8:23:50,12.67,7.63,0.04,47.4,11.39,106.9,-0.6,-28,9.03
6/3/19,8:23:55,12.81,7.69,0.04,40.5,11.17,105.1,-0.69,-31.3,8.96
6/3/19,8:24:00,12.97,7.68,0.04,37.9,10.91,103.1,-0.59,-31.2,9.04
6/3/19,8:24:05,13,7.45,0.03,36.9,10.79,102,-0.77,-18.4,8.99
6/3/19,8:24:10,13.11,7.44,0.03,35.9,10.73,101.7,-0.64,-17.7,8.94
6/3/19,8:24:15,13.15,7.31,0.04,34.5,10.66,101.2,-0.62,-10.7,9.01
6/3/19,8:24:20,13.2,7.24,0.04,32.6,10.61,100.8,-0.78,-6.8,9.03
6/3/19,8:24:25,13.27,7.28,0.03,31.6,10.58,100.7,-0.66,-8.9,8.99
6/3/19,8:24:30,13.37,7.21,0.03,30.6,10.55,100.6,-0.72,-4.7,9.03
6/3/19,8:24:35,13.33,6.96,0.03,29.7,10.55,100.5,-0.77,8.5,8.98
6/3/19,8:24:40,13.39,7.12,0.02,29.2,10.53,100.4,-0.67,0,8.94
6/3/19,8:24:45,13.44,6.93,0.03,28.7,10.52,100.4,-0.05,10.5,9.06
6/3/19,8:24:50,13.46,6.9,0.03,28.1,10.5,100.3,-0.42,12.1,9.04
6/3/19,8:24:55,13.42,6.88,0.03,27.5,10.5,100.2,-0.64,13.1,8.99
6/3/19,8:25:00,13.47,6.77,0.03,27.2,10.48,100.1,-0.74,18.9,9.03
6/3/19,8:25:05,13.42,6.6,0.02,26.9,10.48,100,-0.21,28.2,9.03
6/3/19,8:25:10,13.4,6.73,0.02,26.5,10.48,100,-0.75,21.4,8.96
6/3/19,8:25:15,13.49,6.81,0.02,26.2,10.45,99.8,-0.72,17,9.08
6/3/19,8:25:20,13.65,6.7,0.02,25.5,10.41,99.8,-0.81,22.7,9.03
6/3/19,8:25:25,13.7,6.62,0.01,25.1,10.39,99.7,-0.6,27.2,8.94
6/3/19,8:25:30,13.77,6.64,0.02,24.9,10.37,99.7,-0.88,25.9,8.93
6/3/19,8:25:35,13.94,6.92,0.01,24.7,10.33,99.7,-0.81,11,9.06
6/3/19,8:25:40,14.02,6.45,0.02,24.4,10.32,99.8,-0.76,36.7,8.94
6/3/19,8:25:45,14.09,6.56,0.02,24.2,10.31,99.8,-0.93,30.7,8.99
6/3/19,8:25:50,14.26,6.69,0.02,24.2,10.27,99.9,-0.71,23.2,9.03
6/3/19,8:25:55,14.38,6.67,0.01,23.8,10.26,100,-0.74,24.4,8.86
6/3/19,8:26:00,14.45,6.48,0.01,23.7,10.24,100,-0.71,34.6,9.03
6/3/19,8:26:05,14.48,6.37,0.01,23.4,10.24,100,-0.71,40.7,9.01
6/3/19,8:26:10,14.41,6.38,0.02,23.1,10.26,100,0.06,40.2,8.91
6/3/19,8:26:15,14.02,6.18,0.02,28.5,10.34,100,-0.71,51.1,8.89
Eureka_Manta_2,V7.04,2193610,,,,,,,,
DATE,TIME,Temp_deg_C,pH_units,Depth_m,SpCond_uS/cm,HDO_mg/l,HDO_%Sat,Chl_ug/l,pH_mV,Int_Batt_V
6/3/19,9:03:20,16.79,6.71,0.07,0.1,9.61,98.6,0.22,22.7,9.08
6/3/19,9:03:25,17.05,5.96,0.06,0.1,9.57,98.7,0.19,63.7,9.06
6/3/19,9:03:30,17.09,5.5,0.06,0.1,9.56,98.7,0.31,88.8,8.94
6/3/19,9:03:35,16.92,5.24,0.07,0.1,9.6,98.8,0.05,103.1,9.08
6/3/19,9:03:40,12.77,8.46,0.58,28570,9.34,98.1,0.43,-74.2,9.09
6/3/19,9:03:45,12.67,8.51,0.68,46900,8.26,93.8,0.39,-76.7,9.03
6/3/19,9:03:50,12.66,8.52,0.75,46930,8.54,97,0.32,-77.6,9.09
6/3/19,9:03:55,12.64,8.53,0.82,46980,8.68,98.5,0.35,-78.1,9.08
6/3/19,9:04:00,12.65,8.54,0.59,46970,8.74,99.3,0.39,-78.4,8.98
6/3/19,9:04:05,12.47,8.54,5.5,47120,9.22,104.3,0.92,-78.8,9.06
6/3/19,9:04:10,11.57,8.55,7.16,47780,9.42,104.8,1.26,-78.7,9.09
6/3/19,9:04:15,7.47,8.41,11.01,49710,10.19,104.3,2.92,-69.8,9.01
6/3/19,9:04:20,6.49,8.37,15.02,50150,10.23,102.6,3.54,-67.5,9.04
6/3/19,9:04:25,6.39,8.35,20.02,50430,10.17,101.9,2.88,-66.6,9.04
6/3/19,9:04:30,6.35,8.35,25.4,50490,10.09,101,2.97,-66.4,8.99
6/3/19,9:04:35,6.33,8.35,29,50530,10,100.1,2.89,-66.3,9.01
6/3/19,9:04:40,6.35,8.34,28.49,50540,9.93,99.4,4.18,-66.1,9.04
6/3/19,9:04:45,6.35,8.34,27.98,50570,9.92,99.4,2.64,-66.1,8.99
6/3/19,9:04:50,6.36,8.34,26.96,50490,9.84,98.5,3.08,-66,9.04
6/3/19,9:04:55,6.37,8.34,22.34,50500,9.85,98.7,2.98,-66,9.06
6/3/19,9:05:00,6.39,8.35,17.06,50460,9.87,98.9,2.91,-66.2,8.96
6/3/19,9:05:05,7.02,8.36,12.26,49390,9.82,99.4,3.89,-66.9,9.03
6/3/19,9:05:10,9.6,8.46,8.57,47220,9.36,99.5,1.45,-73.1,8.99
6/3/19,9:05:15,12.3,8.54,5.3,46590,9.83,110.5,1.11,-78.4,8.93
6/3/19,9:05:20,12.59,8.55,1.78,46970,10.21,115.7,0.46,-79,9.01
6/3/19,9:05:25,12.61,8.55,0.64,47000,10.25,116.2,0.43,-79.2,9.04
6/3/19,9:05:30,12.51,8.13,0.06,249.4,12.4,116,-0.06,-56,8.99
6/3/19,9:05:35,12.38,7.59,0.06,55.3,12.37,115.3,-0.39,-26,8.96
6/3/19,9:05:40,12.38,7.6,0.05,46.7,12.33,114.9,-0.49,-26.4,9.03
6/3/19,9:05:45,12.33,7.34,0.06,38.9,12.27,114.3,-0.48,-11.9,8.93
6/3/19,9:05:50,12.32,7.36,0.06,43.7,12.22,113.7,-0.48,-13.2,8.99
6/3/19,9:05:55,12.34,7.32,0.05,39.5,12.18,113.5,0.04,-10.9,9.01
6/3/19,9:06:00,12.36,7.31,0.06,34.4,12.01,111.9,-0.5,-10.4,8.91
6/3/19,9:06:05,12.38,7.27,0.05,31.1,11.95,111.4,-0.48,-8.2,8.99
Eureka_Manta_2,V7.04,2193610,,,,,,,,
DATE,TIME,Temp_deg_C,pH_units,Depth_m,SpCond_uS/cm,HDO_mg/l,HDO_%Sat,Chl_ug/l,pH_mV,Int_Batt_V
6/3/19,9:45:20,12.71,8.52,0.36,46970,8.22,93.4,0.32,-77.7,9.01
6/3/19,9:45:25,12.67,8.54,0.45,47010,8.48,96.3,0.35,-78.4,9.09
6/3/19,9:45:30,12.35,8.55,4.85,47050,8.61,97.1,0.56,-79.1,9.06
6/3/19,9:45:35,11.55,8.54,10.78,47510,8.89,98.8,1.51,-78.4,8.98
6/3/19,9:45:40,7.27,8.41,16.32,50050,9.72,99.3,3.63,-70,9.08
6/3/19,9:45:45,6.85,8.37,22.52,49990,9.79,98.9,3.78,-67.8,9.08
6/3/19,9:45:50,6.85,8.37,26.25,50030,9.73,98.4,3.74,-67.8,8.88
6/3/19,9:45:55,6.88,8.37,25.68,50030,9.71,98.2,4.36,-67.6,9.03
6/3/19,9:46:00,6.88,8.37,25.41,50030,9.74,98.5,3.93,-67.6,9.04
6/3/19,9:46:05,6.86,8.37,25.39,50070,9.75,98.6,3.87,-67.6,8.99
6/3/19,9:46:10,6.85,8.37,21.73,50070,9.75,98.6,4.03,-67.7,9.03
6/3/19,9:46:15,6.88,8.37,15.7,49930,9.76,98.7,3.95,-67.8,9.03
6/3/19,9:46:20,10.7,8.49,9.58,46660,9.11,99,2.43,-75.2,8.96
6/3/19,9:46:25,12.27,8.56,3.86,46950,8.89,100.1,0.9,-79.4,9.06
6/3/19,9:46:30,12.42,8.39,0.05,17700,10.17,101.3,1.98,-70.2,9.01
6/3/19,9:46:35,12.24,8.17,0.06,135.6,11.27,104.8,-0.05,-58,8.96
6/3/19,9:46:40,12.17,7.78,0.06,105.8,11.6,107.7,-0.21,-36.6,9.03
6/3/19,9:46:45,12.17,7.5,0.05,53.8,11.75,109.1,-0.24,-20.8,8.98
6/3/19,9:46:50,12.21,7.47,0.05,44.2,11.8,109.6,-0.37,-19.2,8.94
6/3/19,9:46:55,12.31,7.57,0.04,34.9,11.61,108,-0.39,-24.8,9.06
6/3/19,9:47:00,12.4,7.5,0.04,30.4,11.46,106.9,-0.22,-20.9,9.04
6/3/19,9:47:05,12.53,7.69,0.05,28.2,11.16,104.4,-0.42,-31.5,8.98
Eureka_Manta_2,V7.04,2193610,,,,,,,,
DATE,TIME,Temp_deg_C,pH_units,Depth_m,SpCond_uS/cm,HDO_mg/l,HDO_%Sat,Chl_ug/l,pH_mV,Int_Batt_V
6/3/19,11:03:20,13.37,8.51,0.77,47230,7.63,88,0.35,-77,9.03
6/3/19,11:03:25,13.33,8.5,0.89,47210,7.96,91.8,0.38,-76.7,9.08
6/3/19,11:03:30,12.82,8.51,4.39,47330,8.19,93.5,0.66,-77.2,9.09
6/3/19,11:03:35,11.81,8.53,10.25,48100,8.43,94.5,1.41,-77.8,8.91
6/3/19,11:03:40,8.2,8.44,15.98,49150,9.15,95,3.29,-71.7,9.09
6/3/19,11:03:45,7.05,8.39,21.67,49980,9.35,95,3.22,-68.8,9.06
6/3/19,11:03:50,6.78,8.37,26.24,49970,9.4,94.9,3.67,-67.5,9.01
6/3/19,11:03:55,6.8,8.37,25.92,49930,9.44,95.2,2.75,-67.4,9.04
6/3/19,11:04:00,6.81,8.37,25.32,49940,9.46,95.5,4.65,-67.7,9.06
6/3/19,11:04:05,7.14,8.38,19.94,49580,9.42,95.6,4,-68.5,8.99
6/3/19,11:04:10,8.15,8.44,14.02,48920,9.29,96.3,3.74,-71.7,9.08
6/3/19,11:04:15,10.37,8.52,9.84,46930,8.98,96.9,1.55,-76.7,9.06
6/3/19,11:04:20,12.57,8.55,4.57,47200,8.8,99.8,0.83,-79.4,8.98
6/3/19,11:04:25,13.27,8.55,0.06,46920,9.87,113.4,4.04,-79.2,8.96
6/3/19,11:04:30,13.36,8.54,0.06,15020,11.47,115.5,5.62,-78.8,9.01
6/3/19,11:04:35,13.27,7.78,0.06,88,12.13,115.4,0.35,-36.7,8.96
6/3/19,11:04:40,13.25,7.77,0.08,56.2,12.11,115.1,0.86,-36,9.01
6/3/19,11:04:45,13.27,7.61,0.07,48.3,11.93,113.5,0.92,-26.9,9.06
6/3/19,11:04:50,13.36,7.57,0.06,43.1,11.71,111.6,0.93,-24.8,8.93
6/3/19,11:04:55,13.49,7.53,0.06,39.2,11.45,109.5,0.85,-22.9,8.99
6/3/19,11:05:00,13.55,7.26,0.06,36.4,11.3,108.2,0.85,-7.9,9.01
Eureka_Manta_2,V7.04,2193610,,,,,,,,
DATE,TIME,Temp_deg_C,pH_units,Depth_m,SpCond_uS/cm,HDO_mg/l,HDO_%Sat,Chl_ug/l,pH_mV,Int_Batt_V
6/3/19,11:44:20,13.23,8.51,0.76,47270,8.13,93.5,0.46,-77.3,9.06
6/3/19,11:44:25,13.09,8.52,1.45,47360,8.31,95.4,0.36,-77.7,8.89
6/3/19,11:44:30,12.43,8.53,6.91,47330,8.5,96.2,0.98,-78.2,8.96
6/3/19,11:44:35,8.65,8.48,11.67,49560,9.23,97.1,3.4,-74.3,9.03
6/3/19,11:44:40,7.16,8.41,16.37,49930,9.52,96.9,4.35,-69.7,9.08
6/3/19,11:44:45,5.94,8.32,21.08,50590,9.75,96.6,2.44,-64.9,8.98
6/3/19,11:44:50,5.21,8.31,25.74,51190,9.88,96.5,1.78,-64.1,9.08
6/3/19,11:44:55,5.11,8.32,30.22,51290,9.79,95.4,1.64,-64.7,9.01
6/3/19,11:45:00,5.11,8.33,30.02,51270,9.71,94.7,2.16,-64.8,8.98
6/3/19,11:45:05,5.11,8.33,29.81,51280,9.57,93.3,1.54,-65,9.04
6/3/19,11:45:10,5.11,8.33,29.72,51270,9.5,92.6,1.69,-65.2,9.06
6/3/19,11:45:15,5.11,8.34,26.33,51280,9.48,92.4,1.91,-65.4,9.03
6/3/19,11:45:20,5.33,8.33,21.78,50950,9.45,92.5,1.86,-65.2,9.06
6/3/19,11:45:25,6.31,8.3,16.88,49720,9.3,92.7,3.31,-63.6,9.03
6/3/19,11:45:30,7.95,8.36,11.35,48730,9.02,93,3.49,-67.5,9.01
6/3/19,11:45:35,11.78,8.45,6.13,46010,8.49,94.2,1.07,-73.1,9.04
6/3/19,11:45:40,12.97,8.47,1.37,46800,9.56,109.2,0.54,-74.5,9.06
6/3/19,11:45:45,13.53,8.47,0,47130,9.85,114,0.42,-74.8,8.91
6/3/19,11:45:50,13.26,7.59,0.01,221.5,11.94,113.6,0.13,-26.2,9.03
6/3/19,11:45:55,13.13,7.56,0.01,45.8,11.88,112.7,-0.02,-24.4,9.04
6/3/19,11:46:00,13.1,7.34,0.01,35.6,11.59,109.9,-0.2,-12.4,8.86
6/3/19,11:46:05,13.28,7.47,0.01,31.2,11.38,108.3,-0.1,-19.1,8.99
6/3/19,11:46:10,13.68,7.73,0,29.5,11.22,107.7,-0.21,-33.7,8.99
6/3/19,11:46:15,13.78,7.37,0.01,29.4,11.09,106.7,-0.11,-13.9,8.94
6/3/19,11:46:20,13.9,7.46,0,28.3,10.91,105.3,-0.02,-18.8,9.01
Eureka_Manta_2,V7.04,2193610,,,,,,,,
DATE,TIME,Temp_deg_C,pH_units,Depth_m,SpCond_uS/cm,HDO_mg/l,HDO_%Sat,Chl_ug/l,pH_mV,Int_Batt_V
6/3/19,12:50:30,13.23,8.51,2.49,48120,8.01,92.5,0.48,-76.9,9.01
6/3/19,12:50:35,10.59,8.54,8.77,48750,8.5,93.1,1.41,-77.7,9.03
6/3/19,12:50:40,7.87,8.44,13.6,49600,9,92.9,4.7,-71.9,8.99
6/3/19,12:50:45,6.21,8.35,17.89,50710,9.28,92.7,2.21,-66.6,9.03
6/3/19,12:50:50,5.85,8.32,22.33,50540,9.33,92.3,1.95,-64.4,9.06
6/3/19,12:50:55,5.84,8.31,25.01,50560,9.32,92.2,2.39,-64.4,8.89
6/3/19,12:51:00,5.84,8.32,24.83,50600,9.27,91.6,2.34,-64.4,9.01
6/3/19,12:51:05,5.83,8.32,24.44,50580,9.28,91.8,2.93,-64.8,8.99
6/3/19,12:51:10,5.87,8.33,19.71,50510,9.28,91.9,2.34,-65.4,8.94
6/3/19,12:51:15,6.99,8.37,14.75,49300,9.12,92.1,4.54,-67.4,9.03
6/3/19,12:51:20,8.54,8.47,9.81,48350,8.95,93.4,2.8,-73.5,9.01
6/3/19,12:51:25,11.67,8.57,4.94,46580,9.23,102.4,1.05,-79.8,8.94
6/3/19,12:51:30,13.48,8.56,0.53,46610,9.73,112.2,0.06,-80,8.99
6/3/19,12:51:35,13.83,8.55,0.05,33270,10.41,114,-3.58,-79.8,8.99
6/3/19,12:51:40,13.79,8.24,0.05,66.2,11.9,114.5,1.13,-62.1,8.89
6/3/19,12:51:45,13.67,7.56,0.05,56.6,11.85,113.7,0.92,-24.2,9.01
6/3/19,12:51:50,13.74,7.52,0.04,43.1,11.76,113,0.79,-22.1,8.96
6/3/19,12:51:55,13.88,7.18,0.04,39.6,11.66,112.4,0.84,-3.2,8.83
Eureka_Manta_2,V7.04,2193610,,,,,,,,
DATE,TIME,Temp_deg_C,pH_units,Depth_m,SpCond_uS/cm,HDO_mg/l,HDO_%Sat,Chl_ug/l,pH_mV,Int_Batt_V
6/3/19,13:33:20,13.27,8.5,0.79,47230,7.98,91.9,0.25,-76.6,8.98
6/3/19,13:33:25,13.22,8.51,0.85,47280,8.11,93.3,0.66,-77.3,8.99
6/3/19,13:33:30,12.64,8.54,7.28,47430,8.27,94,1.33,-78.6,8.99
6/3/19,13:33:35,10.31,8.54,13.78,48380,8.8,95.5,1.97,-78,8.93
6/3/19,13:33:40,7.42,8.42,20.13,49940,9.35,95.8,4.08,-70.4,9.03
6/3/19,13:33:45,7.13,8.4,25.38,49960,9.4,95.7,3.93,-69.5,9.01
6/3/19,13:33:50,7.13,8.4,25.69,49970,9.4,95.6,4.06,-69.5,8.98
6/3/19,13:33:55,7.12,8.41,25.53,49960,9.47,96.3,4.16,-69.8,9.04
6/3/19,13:34:00,7.2,8.41,22.75,49850,9.48,96.5,3.9,-70.1,9.01
6/3/19,13:34:05,7.42,8.43,17.26,49690,9.46,96.7,4.41,-70.9,8.99
6/3/19,13:34:10,9.92,8.52,12.37,47640,9.12,97.8,2.22,-76.9,9.03
6/3/19,13:34:15,12.18,8.58,7.54,46810,8.82,99,1.2,-80.7,9.01
6/3/19,13:34:20,12.69,8.58,2.29,47310,10,113.7,0.77,-80.6,8.93
6/3/19,13:34:25,12.97,8.61,0.03,2044,12.05,114.6,0.58,-82.5,8.93
6/3/19,13:34:30,13.11,8.03,0.03,115.8,12.13,115,0.18,-50.2,8.98
6/3/19,13:34:35,13.13,7.91,0.03,60.3,12.12,114.9,0,-43.8,8.93
6/3/19,13:34:40,13.25,7.67,0.02,48.2,12.07,114.7,0.4,-30.6,9.01
6/3/19,13:34:45,13.37,7.63,0.03,42.2,12,114.4,0.38,-28.3,8.98
6/3/19,13:34:50,13.48,7.55,0.03,37.2,11.93,114,0.34,-24,8.93
6/3/19,13:34:55,13.68,7.55,0.03,33.8,11.82,113.4,0.38,-24.1,8.98
Eureka_Manta_2,V7.04,2193610,,,,,,,,
DATE,TIME,Temp_deg_C,pH_units,Depth_m,SpCond_uS/cm,HDO_mg/l,HDO_%Sat,Chl_ug/l,pH_mV,Int_Batt_V
6/3/19,14:12:50,13.23,8.52,0.66,47110,8.2,94.3,0.54,-77.9,8.94
6/3/19,14:12:55,13.1,8.54,1.02,47280,8.37,96,0.53,-78.5,9.03
6/3/19,14:13:00,12.37,8.56,4.84,47550,8.56,96.9,0.74,-79.8,9.06
6/3/19,14:13:05,9.15,8.5,9.74,48920,9.23,97.9,3.09,-75.6,8.98
6/3/19,14:13:10,7.26,8.43,14.41,49810,9.59,97.8,3.59,-71.3,9.01
6/3/19,14:13:15,6.82,8.39,18.81,50220,9.65,97.6,3.71,-68.8,9.03
6/3/19,14:13:20,6.69,8.39,23.4,50300,9.64,97.2,3.88,-68.4,8.93
6/3/19,14:13:25,6.53,8.38,27.49,50390,9.67,97.1,3.09,-67.9,9.03
6/3/19,14:13:30,6.53,8.37,26.94,50410,9.69,97.3,3.92,-67.7,8.99
6/3/19,14:13:35,6.5,8.37,27.81,50440,9.7,97.4,4.22,-67.7,8.91
6/3/19,14:13:40,6.51,8.37,27.01,50450,9.67,97.2,5.65,-67.5,8.99
6/3/19,14:13:45,6.58,8.37,24.18,50370,9.67,97.3,4.95,-67.3,8.99
6/3/19,14:13:50,6.71,8.37,18.77,50240,9.67,97.5,4.04,-67.4,8.96
6/3/19,14:13:55,7.06,8.38,13.79,49920,9.64,97.9,8.12,-68.1,8.96
6/3/19,14:14:00,8.83,8.45,9.6,48600,9.33,98.1,3.86,-72.4,8.98
6/3/19,14:14:05,11.2,8.53,5.86,46690,9.07,99.7,1.49,-77.7,8.99
6/3/19,14:14:10,12.7,8.54,1.61,47230,10.1,114.8,0.87,-78.8,9.03
6/3/19,14:14:15,13.23,8.53,0.02,10890,11.84,116.9,0.44,-78.4,8.94
6/3/19,14:14:20,13.02,7.73,0.02,92.8,12.33,116.6,19.29,-33.9,8.86
6/3/19,14:14:25,12.89,7.73,0.02,58.4,12.32,116.2,0.19,-33.5,8.94
6/3/19,14:14:30,12.89,7.56,0.02,47.3,12.17,114.8,-0.1,-24.6,8.96
6/3/19,14:14:35,13.06,7.51,0.03,41.1,12.04,114,-0.34,-21.9,8.79
Eureka_Manta_2,V7.04,2193610,,,,,,,,
DATE,TIME,Temp_deg_C,pH_units,Depth_m,SpCond_uS/cm,HDO_mg/l,HDO_%Sat,Chl_ug/l,pH_mV,Int_Batt_V
6/3/19,14:48:30,12.85,8.53,0.74,47210,8.61,98.3,0.54,-78.3,8.93
6/3/19,14:48:35,12.82,8.54,1.6,47200,8.76,99.8,0.57,-78.7,8.98
6/3/19,14:48:40,9.67,8.53,8.07,49180,9.36,100.6,2.4,-77.1,8.98
6/3/19,14:48:45,6.55,8.38,14.33,50250,9.97,100.2,2.62,-68.1,8.93
6/3/19,14:48:50,6.44,8.37,20.7,50120,9.9,99.1,2.92,-67.5,8.96
6/3/19,14:48:55,6.45,8.37,27.07,50130,9.86,98.7,3.27,-67.3,8.93
6/3/19,14:49:00,6.45,8.36,27.93,50130,9.81,98.3,3.48,-67.1,8.89
6/3/19,14:49:05,6.48,8.36,27,50100,9.78,98,3.84,-67,8.99
6/3/19,14:49:10,6.46,8.36,27.12,50100,9.78,98,3.41,-67,8.98
6/3/19,14:49:15,6.44,8.36,23.29,50110,9.79,98,2.83,-67,8.89
6/3/19,14:49:20,6.45,8.36,18.12,50110,9.73,97.4,2.96,-67,8.94
6/3/19,14:49:25,6.48,8.36,12.71,50060,9.73,97.5,2.89,-67.2,8.91
6/3/19,14:49:30,8.4,8.43,7.68,48220,9.38,97.5,3.25,-71.4,8.99
6/3/19,14:49:35,12.29,8.54,2.54,46300,8.76,98.4,0.87,-78.4,8.98
6/3/19,14:49:40,12.56,8.05,0.06,17740,11.26,112.6,-1.57,-51.2,8.88
6/3/19,14:49:45,12.33,7.62,0.06,49.3,12.11,112.7,-0.98,-27.6,8.88
6/3/19,14:49:50,12.4,7.41,0.06,32.6,12.04,112.2,-0.26,-15.8,8.93
6/3/19,14:49:55,12.57,7.18,0.06,26.6,11.71,109.6,-1.11,-3.3,8.93
6/3/19,14:50:00,12.69,7.03,0.06,24.2,11.48,107.7,-1.12,4.9,8.83
Eureka_Manta_2,V7.04,2193610,,,,,,,,
DATE,TIME,Temp_deg_C,pH_units,Depth_m,SpCond_uS/cm,HDO_mg/l,HDO_%Sat,Chl_ug/l,pH_mV,Int_Batt_V
6/4/19,6:27:20,15.03,6.34,0.1,0.1,10.02,99.1,0.26,42.5,8.94
6/4/19,6:27:25,15.04,5.96,0.1,0.1,10.03,99.1,0.26,63.5,8.86
6/4/19,6:27:30,15.05,6.55,0.1,0.1,10.03,99.2,0.19,31.3,8.88
6/4/19,6:27:35,15.06,6.15,0.11,0.1,10.03,99.2,0.24,125.9,8.93
6/4/19,6:27:40,15.07,6.23,0.1,0.1,10.03,99.3,0.28,48.8,9.26
6/4/19,6:27:45,15.08,6.64,0.1,0.1,10.04,99.4,0.28,29.4,9.28
6/4/19,6:27:50,15.09,6.64,0.1,0.1,10.04,99.4,0.29,25.9,9.29
6/4/19,6:27:55,15.1,6.67,0.09,0.1,10.04,99.4,0.26,27,9.33
6/4/19,6:28:00,15.11,6.66,0.1,0.1,10.03,99.3,0.27,25.3,9.31
6/4/19,6:28:05,15.11,6.9,0.1,0.1,10.03,99.3,0.22,28.5,9.29
6/4/19,6:28:10,15.12,6.93,0.11,0.1,10.03,99.3,0.22,34.3,9.33
6/4/19,6:28:15,15.13,6.79,0.1,0.1,10.03,99.3,0.24,19.3,9.31
6/4/19,6:28:20,15.14,6.69,0.09,0.1,10.03,99.3,0.25,23.8,9.33
6/4/19,6:28:25,15.15,6.66,0.11,0.1,10.02,99.3,0.21,25,9.34
6/4/19,6:28:30,15.16,6.66,0.1,0.1,10.02,99.3,0.21,25.3,9.33
6/4/19,6:28:35,15.17,6.61,0.1,0.1,10.01,99.3,0.19,27.6,9.33
6/4/19,6:28:40,15.18,6.63,0.11,0.1,10.01,99.3,0.19,26.5,9.33
6/4/19,6:28:45,15.19,6.64,0.11,0.1,10.01,99.3,0.17,26.2,9.34
Eureka_Manta_2,V7.04,2193610,,,,,,,,
DATE,TIME,Temp_deg_C,pH_units,Depth_m,SpCond_uS/cm,HDO_mg/l,HDO_%Sat,Chl_ug/l,pH_mV,Int_Batt_V
19-Apr,6:29:40,15.29,6.65,0.11,0.1,9.99,99.3,0.16,25.5,9.31
6/4/19,6:29:45,15.3,6.62,0.11,0.1,9.99,99.3,0.18,27.2,9.31
6/4/19,6:29:50,15.31,6.59,0.11,0.1,9.99,99.3,0.19,29.2,9.31
6/4/19,6:29:55,15.32,6.61,0.11,0.1,9.99,99.3,0.18,27.9,9.33
6/4/19,6:30:00,15.33,6.55,0.11,0.1,9.98,99.3,0.18,31,9.34