SampleID,StationID,Station_D,SampleDateTime,Latitude,Longitude,Depth,Temperature,Salinity,Sigma-T,Conductivity,Beam Attenuation,Chla Fluor,Dissolved Oxygen (Model 43),DO % Saturation,Air Irradiance,Water Irradiance,pH <2>,TA in (mmol/kgSW),TCO2 in (mmol/kgSW),t(oC) out,P (dbars) out,pH out,fCO2 out (matm),pCO2 out (matm),HCO3 out (mmol/kgSW),CO3 out (mmol/kgSW),CO2 out (mmol/kgSW),B Alk out (mmol/kgSW),OH out (mmol/kgSW),P Alk out (mmol/kgSW),Si Alk out (mmol/kgSW) ,Revelle out,WCa out,WAr out,xCO2 out (dry at 1 atm) (ppm),Field Replicate,Data Source,VINDTA Sample Name,Sampled Bottle Name,Sampling Date,Sampling Depth,Salinity - Carolina,Salinity - Ries ,Run T,Sampling T,Pressure,Comments
BH,H2,Inner Harbor,10/11/17 14:35,42.3676987,-71.0477727,1.64,17.69,30.8,,,,2.73,7.24,90.1,,,7.98,2087.550865,1979.277498,17.69000053,11.64000034,7.913151018,746.5494168,749.1645396,1860.658453,92.18890785,26.43010838,40.77781201,1.74908046,0,0,14.65921671,2.260302076,1.447187314,764.1618189,N,ToRies_Labprocessed2017sharedSeaGlass,,,,,,,,,,
BH,H2,Inner Harbor,10/11/17 14:37,42.3676987,-71.0477727,9.95,16.16,31.64,,,,2.89,6.98,84.7,,,8,2109.349176,2003.06207,16.15999985,19.95000076,7.914210554,736.7420718,739.3731326,1885.233978,90.67131932,27.15675364,41.23048018,1.554334917,0,0,14.81343219,2.203920592,1.409512922,752.7740696,N,ToRies_Labprocessed2017sharedSeaGlass,,,,,,,,,,
BH,H4,Inner Harbor,10/11/17 14:38,42.3684072,-71.0456438,1.2,17.68,30.89,,,,4.67,8.02,99.9,,,8.01,2089.170339,1985.862153,17.68000031,11.19999981,7.897448958,776.9355819,779.6574881,1868.86926,89.49264731,27.50024559,39.64026001,1.688608542,0,0,14.85963569,2.193029064,1.404437894,795.2543789,N,ToRies_Labprocessed2017sharedSeaGlass,,,,,,,,,,
BH,H4,Inner Harbor,10/11/17 14:18,42.3684072,-71.0456438,10.77,16.05,31.67,,,,2.49,6.99,84.8,,,7.99,2114.446046,2004.99756,16.04999924,20.77000046,7.923923352,719.5799018,722.1532536,1885.926606,92.46412581,26.60684049,42.02876704,1.574660651,0,0,14.70219098,2.246497233,1.436515106,735.1486076,N,ToRies_Labprocessed2017sharedSeaGlass,,,,,,,,,,
BH,M2,Mystic,10/11/17 14:18,42.3737104,-71.0463438,2.07,17.76,30.84,,,,3.94,6.92,86.3,,,8,2090.14401,1980.394894,17.76000023,12.06999969,7.915706199,742.6927246,745.2920492,1861.068271,93.09208224,26.23447011,41.13185524,1.772065237,0,0,14.59828991,2.281905544,1.461436901,760.2787959,Y,ToRies_Labprocessed2017sharedSeaGlass,,,,,,,,,,
BH,M2,Mystic,10/11/17 14:35,42.3737104,-71.0463438,2.07,17.76,30.84,,,,3.94,6.92,86.3,,,8,2085.841973,1982.519941,17.76000023,12.06999969,7.897366995,776.6234951,779.3415728,1865.625446,89.46140045,27.43302202,39.60783825,1.698793154,0,0,14.84966817,2.192909007,1.40443944,795.0130062,Y,ToRies_Labprocessed2017sharedSeaGlass,,,,,,,,,,
BH,M2,Mystic,10/11/17 14:36,42.3737104,-71.0463438,10.96,15.91,31.72,,,,2.7,6.97,84.2,,,8,2121.582634,2012.338047,15.90999985,20.95999908,7.92388602,720.9425773,723.5253778,1893.11602,92.46048061,26.76152299,42.00169199,1.556104498,0,0,14.73507579,2.245293862,1.435487132,736.427012,N,ToRies_Labprocessed2017sharedSeaGlass,,,,,,,,,,
BH,C2,Charles,10/11/17 14:49,42.3699199,-71.0564037,2.54,17.55,30.85,,,,4.62,6.64,82.4,,,7.98,2117.276188,2005.929391,17.54999924,12.53999996,7.920363665,742.348339,744.9533286,1884.935806,94.61229402,26.38126004,41.36996409,1.758085689,0,0,14.62485207,2.318183602,1.483986287,759.7321246,N,ToRies_Labprocessed2017sharedSeaGlass,,,,,,,,,,
BH,C2,Charles,10/11/17 14:49,42.3699199,-71.0564037,10.75,16.2,31.65,,,,2.84,6.32,76.8,,,7.99,2112.919898,2009.423206,16.20000076,20.75,7.90507585,755.4866603,758.1832966,1892.333018,89.27720023,27.81299874,40.51723717,1.527963972,0,0,14.93498875,2.169697437,1.387799241,771.9608484,N,ToRies_Labprocessed2017sharedSeaGlass,,,,,,,,,,
BH,C2,Charles,10/20/17 14:49,42.3699199,-71.0564037,1.14,15.34,31.09,,,,2.33,6.71,80,,,7.96,2116.117852,2034.618888,15.34000015,11.14000034,7.857133306,853.2194854,856.2983525,1924.726868,77.55955098,32.33256568,35.03705989,1.248995721,0,0,15.96496432,1.892975885,1.206548153,871.0154929,N,ToRies_Labprocessed2017sharedSeaGlass,,,,,,,,,,
BH,C2,Charles,10/20/17 15:05,42.3699199,-71.0564037,9.27,14.97,31.52,,,,2.09,6.74,79.9,,,7.97,2134.613053,2042.840244,14.97000027,19.27000046,7.886414848,793.1002636,795.975679,1929.461379,83.05832194,30.32053437,37.7445587,1.303655039,0,0,15.57383983,2.018244456,1.286987088,809.325705,Y,ToRies_Labprocessed2017sharedSeaGlass,,,,,,,,,,
BH,C2,Charles,10/20/17 15:05,42.3699199,-71.0564037,9.27,14.97,31.52,,,,2.09,6.74,79.9,,,7.97,2134.951502,2045.306096,14.97000027,19.27000046,7.879942502,806.2854278,809.2086466,1932.522059,81.9594766,30.82460837,37.23958787,1.284370557,0,0,15.66161262,1.991543477,1.269960501,822.7806146,Y,ToRies_Labprocessed2017sharedSeaGlass,,,,,,,,,,
BH,H2,Inner Harbor,10/20/17 11:24,42.3676987,-71.0477727,0.79,15.27,30.59,,,,1.53,8.12,96.3,,,7.97,2123.07595,2030.627988,15.27000046,10.78999996,7.897834235,775.9987192,778.8014237,1917.590363,83.48663475,29.55103714,37.1765991,1.348668256,0,0,15.60024506,2.043931006,1.300702355,792.1292198,Y,ToRies_Labprocessed2017sharedSeaGlass,,,,,,,,,,
BH,H2,Inner Harbor,10/20/17 11:24,42.3676987,-71.0477727,0.79,15.27,30.59,,,,1.53,8.12,96.3,,,7.97,2122.090468,2034.768922,15.27000046,10.78999996,7.882196095,806.8333275,809.7473986,1923.271174,80.7724951,30.725259,35.98690046,1.300969139,0,0,15.81117139,1.977483075,1.25841669,823.6047798,Y,ToRies_Labprocessed2017sharedSeaGlass,,,,,,,,,,
BH,H2,Inner Harbor,10/20/17 11:24,42.3676987,-71.0477727,11.46,14.77,31.61,,,,2.31,7.42,87.7,,,8,2130.064525,2040.155627,14.77000046,21.45999908,7.882502349,796.9453759,799.8420949,1927.673682,81.84370361,30.63831248,37.44584345,1.270844056,0,0,15.64200097,1.986511238,1.266543117,813.0815914,N,ToRies_Labprocessed2017sharedSeaGlass,,,,,,,,,,
BH,H4,Inner Harbor,10/20/17 11:40,42.3684072,-71.0456438,2.01,15.18,30.86,,,,1.83,7.94,94.2,,,7.98,2123.666115,2042.989024,15.18000031,12.01000023,7.85904574,852.789987,855.8735657,1933.174107,77.29992729,32.51497908,34.67581891,1.230317991,0,0,16.0590318,1.888745995,1.202669394,870.4321916,N,ToRies_Labprocessed2017sharedSeaGlass,,,,,,,,,,
BH,H4,Inner Harbor,10/20/17 11:40,42.3684072,-71.0456438,13.47,14.71,31.6,,,,2.67,7.33,86.5,,,8.01,2128.872275,2030.957064,14.71000004,23.46999931,7.907547455,747.1551437,749.8729618,1916.19479,85.98380613,28.77842875,39.3837735,1.338758729,0,0,15.31347686,2.086299683,1.329992656,762.2366414,N,ToRies_Labprocessed2017sharedSeaGlass,,,,,,,,,,
BH,M2,Mystic,10/20/17 11:41,42.3737104,-71.0463438,1.09,15.22,30.97,,,,2.15,7.54,89.5,,,7.99,2129.289563,2045.64284,15.22000027,11.09000015,7.866019387,839.7382607,842.7731031,1934.720623,78.96329515,31.95889968,35.39857229,1.257647798,0,0,15.93704654,1.928455623,1.228430109,857.1455652,N,ToRies_Labprocessed2017sharedSeaGlass,,,,,,,,,,
BH,M2,Mystic,10/20/17 11:50,42.3737104,-71.0463438,13.77,14.72,31.58,,,,2.43,7.18,84.8,,,8.01,2125.166363,2031.924808,14.72000027,23.77000046,7.893938341,772.142181,774.9505332,1918.759617,83.43017356,29.73511097,38.26124881,1.298157408,0,0,15.49878117,2.024504142,1.290563038,787.7362128,N,ToRies_Labprocessed2017sharedSeaGlass,,,,,,,,,,
BH,C2,Charles,10/23/17 11:51,42.3699199,-71.0564037,1.19,15.29,29.27,,,,3.92,7.29,85.8,,,7.93,2026.9172,1964.085187,15.28999996,11.18999958,7.825690522,898.9962116,902.2423262,1863.372685,66.24527281,34.46731142,29.95661482,1.112557125,0,0,16.73726024,1.634865046,1.036128178,917.7140879,N,ToRies_Labprocessed2017sharedSeaGlass,,,,,,,,,,
BH,C2,Charles,10/23/17 12:02,42.3699199,-71.0564037,9.34,14.51,31.58,,,,1.58,6.92,81.3,,,7.94,2142.542638,2066.152015,14.51000023,19.34000015,7.843702753,882.1032543,885.3201395,1956.782061,75.18140238,34.18870684,34.2788238,1.133659419,0,0,16.23540488,1.825386743,1.163055573,899.7267448,Y,ToRies_Labprocessed2017sharedSeaGlass,,,,,,,,,,
BH,C2,Charles,10/23/17 12:02,42.3699199,-71.0564037,9.34,14.51,31.58,,,,1.58,6.92,81.3,,,7.94,2143.069156,2071.692072,14.51000023,19.34000015,7.838707512,900.7015272,903.9862372,1963.778428,72.8333619,35.08035279,32.53812458,1.100669194,0,0,16.54584223,1.777814702,1.130032269,918.7036686,Y,ToRies_Labprocessed2017sharedSeaGlass,,,,,,,,,,
BH,H2,Inner Harbor,10/23/17 12:38,42.3699199,-71.0564037,1.11,15.15,30.71,,,,3.36,7.13,84.5,,,7.94,2117.756534,2043.852035,15.14999962,11.10999966,7.840321357,892.3336517,895.5614457,1936.015241,73.75464996,34.08222631,33.07532619,1.171377304,0,0,16.33307387,1.804008825,1.14813137,910.7665659,N,ToRies_Labprocessed2017sharedSeaGlass,,,,,,,,,,
BH,H2,Inner Harbor,10/23/17 12:39,42.3699199,-71.0564037,10.6,14.4,31.58,,,,2.34,6.84,80.2,,,7.97,2142.492966,2063.666475,14.39999962,20.60000038,7.852720968,861.3889257,864.5346773,1953.829427,76.33829814,33.49874563,34.85540945,1.145791593,0,0,16.15022619,1.85289928,1.180330505,878.5016876,N,ToRies_Labprocessed2017sharedSeaGlass,,,,,,,,,,
BH,H4,Inner Harbor,10/23/17 12:39,42.3684072,-71.0456438,1.13,15,31.2,,,,3.91,7.39,87.5,,,7.95,2151.605147,2063.205335,15,11.13000011,7.87895015,818.1198695,821.0848629,1950.054511,81.84621354,31.30450823,36.59602378,1.275716488,0,0,15.79144483,1.995569241,1.271393218,834.885546,N,ToRies_Labprocessed2017sharedSeaGlass,,,,,,,,,,
BH,H4,Inner Harbor,10/23/17 13:04,42.3684072,-71.0456438,12,14.33,31.73,,,,2.04,7.11,83.3,,,7.97,2144.756547,2050.962574,14.32999992,22,7.897379929,769.0045551,771.8154314,1937.009696,84.00767486,29.94516145,38.47869127,1.26566763,0,0,15.54005374,2.036557786,1.297660634,784.226207,N,ToRies_Labprocessed2017sharedSeaGlass,,,,,,,,,,
BH,M2,Mystic,10/23/17 13:06,42.3737104,-71.0463438,1.32,14.96,30.88,,,,3.08,7.08,83.5,,,7.96,2153.078392,2065.135771,14.96000004,11.31999969,7.882104555,814.4141944,817.3672599,1952.18602,81.69304186,31.2565695,36.24779869,1.271796587,0,0,15.85560253,1.995630043,1.270190842,831.0719366,Y,ToRies_Labprocessed2017sharedSeaGlass,,,,,,,,,,
BH,M2,Mystic,10/23/17 13:18,42.3737104,-71.0463438,1.32,14.96,30.88,,,,3.08,7.08,83.5,,,7.96,2147.394452,2060.624753,14.96000004,11.31999969,7.878928006,818.7459629,821.7147355,1948.267057,80.93489495,31.42281934,36.00856119,1.262528256,0,0,15.88857707,1.977109729,1.258402919,835.4923056,Y,ToRies_Labprocessed2017sharedSeaGlass,,,,,,,,,,
BH,M2,Mystic,10/23/17 13:19,42.3737104,-71.0463438,13.1,14.4,31.66,,,,2.55,6.99,82,,,7.96,2144.07965,2050.852549,14.39999962,23.10000038,7.895661271,773.0088249,775.8318166,1937.061054,83.74336812,30.04821368,38.27763251,1.267194,0,0,15.56468247,2.03076198,1.293939782,788.3652315,N,ToRies_Labprocessed2017sharedSeaGlass,,,,,,,,,,
BH,SG1,,6/15/18 12:06,42.346533,-70.960667,1,12.35,,,,,,,,,,,2103.919189,1983.074951,12.35000038,11,7.895552817,548.0154184,550.0699847,1863.296242,96.9566392,22.8220556,45.35652993,1.366068852,0,0,14.47042541,2.364387595,1.496671261,557.8318073,N,ToRies_Labprocessed2018_sharedSeaGlass,,,,,,,,,,
BH,SG1,,6/15/18 12:06,42.346533,-70.960667,1,12.35,,,,,,,,,,,2108.121826,1979.253296,12.35000038,11,7.919769315,516.5948417,518.531609,1856.02107,101.6982544,21.53393024,47.27622537,1.440204777,0,0,14.15388063,2.482402174,1.570621222,525.8490787,N,ToRies_Labprocessed2018_sharedSeaGlass,,,,,,,,,,
BH,SG1,,6/15/18 11:56,42.346533,-70.960667,5,9.5,,,,,,,,,,,2105.73877,1986.026733,9.5,15,7.938904339,484.848719,486.7347684,1868.924127,94.93032078,22.17231583,45.83426125,1.13142085,0,0,14.68367111,2.311086751,1.455143903,492.4033558,N,ToRies_Labprocessed2018_sharedSeaGlass,,,,,,,,,,
BH,SG1,,6/15/18 11:56,42.346533,-70.960667,5,9.5,,,,,,,,,,,2106.573486,1985.794189,9.5,15,7.942741599,480.5236813,482.3929064,1868.230656,95.58052724,21.98298333,46.0531612,1.140174388,0,0,14.64423121,2.327752013,1.465353928,488.011134,N,ToRies_Labprocessed2018_sharedSeaGlass,,,,,,,,,,
BH,SG1,,7/10/18 14:17,42.346533,-70.960667,1,19.02,,,,,,,,,,,2116.698975,1943.618774,19.02000046,11,7.925247219,517.5798321,519.3629032,1794.476569,131.4989506,17.64323752,56.45812577,2.778527275,0,0,12.259058,3.231833154,2.075536642,530.6847714,N,ToRies_Labprocessed2018_sharedSeaGlass,,,,,,,,,,
BH,SG1,,7/10/18 14:23,42.346533,-70.960667,5,18,,,,,,,,,,,2147.172119,1992.325073,18,15,7.886054769,579.3025084,581.3238851,1851.503531,120.5489778,20.27255679,52.25348868,2.33039975,0,0,12.98358253,2.945943709,1.890187086,593.1922329,Y,ToRies_Labprocessed2018_sharedSeaGlass,,,,,,,,,,
BH,SG1,,7/10/18 14:23,42.346533,-70.960667,5,18,,,,,,,,,,,2158.376709,1984.953003,18,15,7.930081952,518.767409,520.5775589,1834.702396,132.0930879,18.15746516,56.9225687,2.577464046,0,0,12.38474845,3.228770629,2.071465885,531.2059022,Y,ToRies_Labprocessed2018_sharedSeaGlass,,,,,,,,,,
SBNMS,N01,,7/18/18 10:46,42.42141167,-70.44918167,1.147,19.0771,31.1204,,,,,,,,,,2131.504883,1913.25,19.07710075,11.14700031,8.018230494,404.6226541,406.0155912,1739.74768,159.7599122,13.74236625,68.76251243,3.484705671,0,0,10.96358207,3.916688781,2.518423792,414.8969763,N,ToRies_Labprocessed2018_sharedSeaGlass,,,,,,,,,,
SBNMS,N16,,7/18/18 11:08,42.406045,-70.45541333,1.15,19.2509,31.0508,,,,,,,,,,2144.484619,1904.072021,19.25090027,11.14999962,8.059722235,363.5004348,364.7490915,1717.346105,174.4360295,12.28987232,74.3835218,3.891754813,0,0,10.46362653,4.279632292,2.752445321,372.816959,N,ToRies_Labprocessed2018_sharedSeaGlass,,,,,,,,,,
SBNMS,N16,,7/18/18 11:19,42.406045,-70.45541333,25.048,7.1629,32.04,,,,,,,,,,2199.232178,2073.560791,7.162899971,35.04800034,7.967311727,460.4840445,462.3309496,1952.0923,98.83968689,22.62885449,48.50001988,0.971389417,0,0,14.73276245,2.379148172,1.498250104,466.9139827,N,ToRies_Labprocessed2018_sharedSeaGlass,,,,,,,,,,
SBNMS,N15,,7/18/18 11:36,42.40722667,-70.26984833,1.494,19.1882,31.0947,,,,,,,,,,2127.7854,1902.723389,19.1882,11.49400043,8.03154729,389.4823307,390.8212859,1725.513401,164.0214355,13.18849927,70.60961749,3.629068114,0,0,10.77818544,4.022315018,2.586878441,399.4311756,N,ToRies_Labprocessed2018_sharedSeaGlass,,,,,,,,,,
SBNMS,N15,,7/18/18 11:36,42.40722667,-70.26984833,1.494,19.1882,31.0947,,,,,,,,,,2131.429199,1897.258423,19.1882,11.49400043,8.049626524,371.2728643,372.5492194,1714.758718,169.9278358,12.5718974,73.04064947,3.783331132,0,0,10.56840386,4.167158297,2.680031749,380.756571,N,ToRies_Labprocessed2018_sharedSeaGlass,,,,,,,,,,
SBNMS,N03,,7/18/18 12:08,42.41350333,-70.40652333,1.141,19.0199,31.1677,,,,,,,,,,2136.856445,1911.814575,19.01989937,11.14099979,8.03185374,390.7093689,392.0553709,1734.374609,164.1520345,13.28791394,70.60764748,3.579707044,0,0,10.80703908,4.022736923,2.586587968,400.5999331,N,ToRies_Labprocessed2018_sharedSeaGlass,,,,,,,,,,
SBNMS,N14,,7/18/18 12:34,42.39899167,-70.417535,1.289,19.0772,31.1501,,,,,,,,,,2141.119629,1916.522217,19.07719994,11.28899956,8.029606797,393.9615376,395.3177715,1739.085212,164.0588716,13.37807704,70.34701588,3.579240296,0,0,10.8310368,4.021180498,2.58583156,403.9650591,N,ToRies_Labprocessed2018_sharedSeaGlass,,,,,,,,,,
SBNMS,N04,,7/18/18 12:59,42.40417833,-70.38647,1.228,19.0211,31.1722,,,,,,,,,,2165.58252,1907.957031,19.02109909,11.22799969,8.091980143,335.5206234,336.6764817,1710.576464,185.970262,11.41029294,78.96168317,4.112081879,0,0,10.14869165,4.55722371,2.930307117,344.0146443,N,ToRies_Labprocessed2018_sharedSeaGlass,,,,,,,,,,
SBNMS,N13,,7/18/18 13:21,42.39143333,-70.39683667,1.193,19.1764,31.1672,,,,,,,,,,2138.539551,1908.351563,19.17639923,11.19299984,8.039664511,382.6634406,383.979148,1727.83989,167.5548516,12.9568094,71.90080618,3.69836456,0,0,10.68285722,4.107060115,2.641830463,392.4316052,N,ToRies_Labprocessed2018_sharedSeaGlass,,,,,,,,,,
SBNMS,N13,,7/18/18 13:31,42.39143333,-70.39683667,25.157,6.4286,32.0607,,,,,,,,,,2205.593994,2069.874512,6.428599834,35.1570015,8.00603593,416.3265823,418.0126112,1944.616521,104.2697588,20.98815416,51.46434177,0.983629787,0,0,14.35027171,2.509574194,1.578834151,421.9503692,N,ToRies_Labprocessed2018_sharedSeaGlass,,,,,,,,,,
SBNMS,N05,,7/18/18 14:11,42.48136,-70.37027,1.26,19.3481,31.1773,,,,,,,,,,2139.224854,1915.849731,19.34810066,11.26000023,8.022676422,400.8981759,402.2736266,1739.005938,163.3359127,13.50789415,69.94217668,3.614648583,0,0,10.84927508,4.004361912,2.576948594,411.2261024,N,ToRies_Labprocessed2018_sharedSeaGlass,,,,,,,,,,
SBNMS,N12,,7/18/18 14:51,42.38080333,-70.37748333,1.297,19.7999,31.1587,,,,,,,,,,2129.043701,1904.726318,19.79990005,11.29699993,8.019213989,402.5370708,403.9103829,1727.488649,163.8439743,13.39363825,70.13817551,3.738676432,0,0,10.78600176,4.02011431,2.589898582,413.1612339,N,ToRies_Labprocessed2018_sharedSeaGlass,,,,,,,,,,
SBNMS,N12,,7/18/18 15:01,42.38080333,-70.37748333,25.055,6.1772,32.077,,,,,,,,,,2189.385498,2025.851929,6.177199841,35.05500031,8.083844008,337.1343372,338.5041939,1888.848754,119.8577858,17.14544,59.68336631,1.146166634,0,0,13.171371,2.884618292,1.814233146,341.6375784,N,ToRies_Labprocessed2018_sharedSeaGlass,,,,,,,,,,
SBNMS,N12,,7/18/18 15:01,42.38080333,-70.37748333,25.055,6.1772,32.077,,,,,,,,,,2191.300537,2007.34375,6.177199841,35.05500031,8.132842742,296.585451,297.790548,1860.127756,132.1327804,15.08326947,65.63161986,1.283058611,0,0,12.43824223,3.180040685,2.000034193,300.5470642,N,ToRies_Labprocessed2018_sharedSeaGlass,,,,,,,,,,
SBNMS,N06,,7/18/18 15:30,42.38895833,-70.34602833,1.185,20.5221,31.1516,,,,,,,,,,2130.432861,1895.819214,20.52210045,11.18500042,8.028641579,392.0532047,393.3787833,1712.230926,170.8019205,12.78636179,72.52319142,4.08435013,0,0,10.52846568,4.196037885,2.708192006,402.8100462,N,ToRies_Labprocessed2018_sharedSeaGlass,,,,,,,,,,
SBNMS,N11,,7/18/18 15:55,42.37437833,-70.35627333,1.18,20.7602,31.1785,,,,,,,,,,2145.503662,1905.400513,20.7602005,11.18000031,8.033132444,389.7739423,391.0879234,1717.859751,174.9136211,12.62716673,73.60558532,4.220527261,0,0,10.44217617,4.297963494,2.775907115,400.6061254,N,ToRies_Labprocessed2018_sharedSeaGlass,,,,,,,,,,
SBNMS,N07,,7/18/18 16:21,42.381025,-70.32357667,1.183,20.2572,31.2777,,,,,,,,,,2145.322266,1906.717163,20.25720024,11.18299961,8.036857008,385.7899071,387.0986114,1720.461305,173.5899376,12.66595362,73.61913022,4.071338696,0,0,10.48077962,4.258906113,2.747852922,396.2245118,N,ToRies_Labprocessed2018_sharedSeaGlass,,,,,,,,,,
SBNMS,N10,,7/18/18 16:36,42.367105,-70.33562833,1.009,20.3297,31.2745,,,,,,,,,,2115.479736,1914.064453,20.32970047,11.00899982,7.962532322,465.7642655,467.3428406,1749.61989,149.1833049,15.26120467,64.05052853,3.453768627,0,0,11.33131734,3.660718531,2.362317293,478.4111827,N,ToRies_Labprocessed2018_sharedSeaGlass,,,,,,,,,,
SBNMS,N08,,7/18/18 17:06,42.373445,-70.30481333,1.117,20.4025,31.3247,,,,,,,,,,2119.675781,1916.988159,20.40250015,11.11699963,7.962903657,466.0057237,467.5836883,1751.649492,150.1043973,15.23428146,64.34520603,3.48336943,0,0,11.3050673,3.682398228,2.377087373,478.7085238,N,ToRies_Labprocessed2018_sharedSeaGlass,,,,,,,,,,
SBNMS,N08,,7/18/18 17:11,42.373445,-70.30481333,25.369,7.3405,32.0116,,,,,,,,,,2155.552002,2062.541748,7.340499878,35.36899948,7.872755967,574.2311913,576.5289409,1954.32768,80.16406307,28.04992252,40.11413417,0.795619721,0,0,16.07381626,1.929791506,1.215503541,582.3147446,N,ToRies_Labprocessed2018_sharedSeaGlass,,,,,,,,,,
SBNMS,N09,,7/18/18 17:49,42.357435,-70.31637667,1.333,20.497,31.3401,,,,,,,,,,2121.522705,1919.484375,20.49699974,11.33300018,7.959524068,470.58419,472.1757875,1754.348454,149.7932987,15.34259543,64.11120706,3.487736199,0,0,11.32600987,3.674812693,2.372878324,483.477084,N,ToRies_Labprocessed2018_sharedSeaGlass,,,,,,,,,,
SBNMS,C14,,7/19/18 11:06,42.309425,-70.30684333,1.115,18.5071,31.3502,,,,,,,,,,2119.925537,1914.967529,18.50709915,11.11499977,7.997505995,424.9760144,426.4494929,1749.77543,150.5409237,14.6511958,65.91573119,3.162824158,0,0,11.28514945,3.681954712,2.365678301,435.4431904,N,ToRies_Labprocessed2018_sharedSeaGlass,,,,,,,,,,
SBNMS,C1,,7/19/18 11:41,42.30825333,-70.28679667,1.191,19.1394,31.3222,,,,,,,,,,2111.062988,1925.620361,19.13940048,11.19099998,7.945460803,486.7301599,488.4044526,1770.601238,138.5353362,16.48379226,60.42708279,2.975449366,0,0,11.8125774,3.391968901,2.182588659,499.1293608,N,ToRies_Labprocessed2018_sharedSeaGlass,,,,,,,,,,
SBNMS,C1,,7/19/18 11:41,42.30825333,-70.28679667,1.191,19.1394,31.3222,,,,,,,,,,2119.434814,1922.935303,19.13940048,11.19099998,7.969278409,458.4631876,460.0402454,1761.791787,145.6169687,15.52649202,63.27680625,3.143186639,0,0,11.51015714,3.565359154,2.29415796,470.1423019,N,ToRies_Labprocessed2018_sharedSeaGlass,,,,,,,,,,
SBNMS,C2,,7/19/18 12:01,42.29479167,-70.28367,1.269,19.2146,31.3414,,,,,,,,,,2132.352051,1918.256714,19.21459961,11.26900005,8.004189249,419.6685796,421.1108328,1747.041757,157.0339731,14.18101841,67.82083432,3.431545106,0,0,11.06208066,3.844771265,2.474543239,430.40235,N,ToRies_Labprocessed2018_sharedSeaGlass,,,,,,,,,,
SBNMS,C2,,7/19/18 12:09,42.29479167,-70.28367,25.171,6.1887,32.0967,,,,,,,,,,2179.289063,2078.638916,6.188700199,35.17100143,7.911856921,521.9617915,524.0823237,1967.982328,84.12528937,26.53126047,42.29601269,0.772546183,0,0,15.86292647,2.024389163,1.273289723,528.9373626,N,ToRies_Labprocessed2018_sharedSeaGlass,,,,,,,,,,
SBNMS,C2,,7/19/18 12:09,42.29479167,-70.28367,25.171,6.1887,32.0967,,,,,,,,,,2189.480225,2082.023438,6.188700199,35.17100143,7.931341992,499.2260704,501.2542361,1968.633221,88.01470916,25.37560627,44.02151255,0.80799658,0,0,15.57793641,2.117984078,1.332158563,505.8977982,N,ToRies_Labprocessed2018_sharedSeaGlass,,,,,,,,,,
SBNMS,C13,,7/19/18 12:26,42.29233,-70.30372,1.185,18.616,31.3471,,,,,,,,,,2130.297607,1925.415283,18.61599922,11.18500042,7.994152701,430.9996247,432.4919511,1759.716841,150.885429,14.81297275,65.64973598,3.170617574,0,0,11.31809899,3.690973192,2.372084599,441.6768591,N,ToRies_Labprocessed2018_sharedSeaGlass,,,,,,,,,,
SBNMS,C12,,7/19/18 12:46,42.27665667,-70.30294333,1.238,18.9273,31.3418,,,,,,,,,,2126.14917,1919.165283,18.9272995,11.23799992,7.994424907,429.7481818,431.2303887,1752.295446,152.2296659,14.64014175,66.13839164,3.266301195,0,0,11.24001953,3.72559697,2.396134637,440.5724778,N,ToRies_Labprocessed2018_sharedSeaGlass,,,,,,,,,,
SBNMS,C03,,7/19/18 13:16,42.27613,-70.28396167,1.198,19.9677,31.3783,,,,,,,,,,2130.087158,1921.411743,19.96769905,11.19799995,7.98052138,446.5476094,448.0678883,1752.725958,153.914715,14.77104678,66.05458361,3.487935027,0,0,11.18148168,3.771791605,2.432433049,458.4386326,N,ToRies_Labprocessed2018_sharedSeaGlass,,,,,,,,,,
SBNMS,C03,,7/19/18 13:23,42.27613,-70.28396167,25.782,6.1478,32.0836,,,,,,,,,,2178.517334,2080.38623,6.147799969,35.7820015,7.905065561,530.6478735,532.8048589,1970.613374,82.75906437,27.01383309,41.64138747,0.757170544,0,0,15.98245516,1.991417027,1.252450678,537.7266801,N,ToRies_Labprocessed2018_sharedSeaGlass,,,,,,,,,,
SBNMS,C03,,7/19/18 13:23,42.27613,-70.28396167,25.782,6.1478,32.0836,,,,,,,,,,2175.310791,2076.342773,6.147799969,35.7820015,7.907870836,526.1148591,528.2534187,1966.440641,83.11899113,26.78306972,41.8827353,0.762077231,0,0,15.93355887,2.000077882,1.257897701,533.1331956,N,ToRies_Labprocessed2018_sharedSeaGlass,,,,,,,,,,
SBNMS,C04,,7/19/18 13:41,42.26297,-70.27725833,1.124,19.9638,31.4089,,,,,,,,,,2136.179932,1923.118896,19.96380043,11.1239996,7.988655327,437.9740213,439.4651836,1751.799706,156.832624,14.48662127,67.17087551,3.554595769,0,0,11.08227124,3.842499382,2.478212657,449.6341273,N,ToRies_Labprocessed2018_sharedSeaGlass,,,,,,,,,,
SBNMS,C11,,7/19/18 14:31,42.26082667,-70.29869,1.132,20.1942,31.4133,,,,,,,,,,2139.346436,1927.481934,20.19420052,11.13199997,7.981948464,446.570735,448.0868121,1756.507611,156.2980139,14.6763392,66.67746066,3.575982,0,0,11.11860407,3.830666894,2.472070631,458.6076833,N,ToRies_Labprocessed2018_sharedSeaGlass,,,,,,,,,,
SBNMS,C10,,7/19/18 14:58,42.24264167,-70.29624333,1.152,19.4088,31.4546,,,,,,,,,,2135.487061,1943.9729,19.40880013,11.15200043,7.949925343,486.1101244,487.7766673,1784.576695,143.0697437,16.32645461,61.69198825,3.090322558,0,0,11.69412872,3.50122345,2.25521699,498.6723175,N,ToRies_Labprocessed2018_sharedSeaGlass,,,,,,,,,,
SBNMS,C10,,7/19/18 15:06,42.24264167,-70.29624333,25.623,7.0702,32.0071,,,,,,,,,,2158.149414,2047.99353,7.070199966,35.6230011,7.928731123,498.1977338,500.1983388,1934.245663,89.18191954,24.5658929,44.67203158,0.879833835,0,0,15.30797429,2.146810569,1.351655899,505.1251087,N,ToRies_Labprocessed2018_sharedSeaGlass,,,,,,,,,,
SBNMS,C05,,7/19/18 15:26,42.24520833,-70.27309167,1.087,19.0773,31.4777,,,,,,,,,,2136.81543,1934.362061,19.07729912,11.08699989,7.978892697,449.9412449,451.49019,1769.403623,149.706734,15.25175304,64.80487295,3.204088418,0,0,11.38977753,3.661335246,2.356542907,461.3644723,N,ToRies_Labprocessed2018_sharedSeaGlass,,,,,,,,,,
SBNMS,C06,,7/19/18 15:51,42.22839,-70.27198667,1.094,18.9618,31.3945,,,,,,,,,,2117.918457,1935.490967,18.96179962,11.09399986,7.939452855,495.9823273,497.6922386,1781.859028,136.7568088,16.87515276,59.66761248,2.89004442,0,0,11.92891427,3.345964261,2.152460868,508.4975899,N,ToRies_Labprocessed2018_sharedSeaGlass,,,,,,,,,,
SBNMS,C09,,7/19/18 16:11,42.22303,-70.29053167,1.3,18.9236,31.3742,,,,,,,,,,2122.838867,1918.819946,18.92359924,11.30000019,7.98809225,436.3487029,437.8537448,1753.712573,150.2434568,14.86393577,65.43014084,3.219841341,0,0,11.31001107,3.676121939,2.364503473,447.3369105,N,ToRies_Labprocessed2018_sharedSeaGlass,,,,,,,,,,
SBNMS,C09,,7/19/18 16:21,42.22303,-70.29053167,25.692,7.4318,31.9403,,,,,,,,,,2161.968018,2043.894287,7.431799889,35.69200134,7.946273757,478.4988946,480.4112819,1926.752887,93.83180571,23.30956613,46.61271291,0.950337555,0,0,14.94437471,2.259539682,1.423142025,485.2631958,N,ToRies_Labprocessed2018_sharedSeaGlass,,,,,,,,,,
SBNMS,C08,,7/19/18 16:38,42.206905,-70.28465833,1.204,17.7087,31.354,,,,,,,,,,2120.354492,1917.231323,17.70870018,11.20400047,8.006118471,415.3928177,416.8475745,1753.586234,148.9916338,14.65349448,65.80273289,2.992269653,0,0,11.35589501,3.640059944,2.334306416,425.1997853,N,ToRies_Labprocessed2018_sharedSeaGlass,,,,,,,,,,
SBNMS,C07,,7/19/18 17:09,42.210695,-70.26703833,1.239,15.4214,31.4697,,,,,,,,,,2132.276855,1940.196899,15.42140007,11.23900032,8.015039232,407.2216946,408.6896477,1783.62687,141.2088782,15.36109714,63.78305712,2.458936176,0,0,11.76784938,3.438488714,2.194283748,415.7497336,N,ToRies_Labprocessed2018_sharedSeaGlass,,,,,,,,,,
SBNMS,C07,,7/19/18 17:09,42.210695,-70.26703833,1.239,15.4214,31.4697,,,,,,,,,,2126.570068,1934.517578,15.42140007,11.23900032,8.015765668,405.3070694,406.7681208,1778.212729,141.0159208,15.28887421,63.87230105,2.463052635,0,0,11.74991555,3.43379013,2.191285331,413.7950124,N,ToRies_Labprocessed2018_sharedSeaGlass,,,,,,,,,,
SBNMS,S03,,7/19/18 17:51,42.19438333,-70.27426167,1.003,18.6984,31.2877,,,,,,,,,,2120.50415,1911.75061,18.6984005,11.00300026,8.003434383,418.5069455,419.9545218,1744.31267,153.0834588,14.35451605,66.77403651,3.260653956,0,0,11.18125587,3.746785725,2.408042837,428.9205719,N,ToRies_Labprocessed2018_sharedSeaGlass,,,,,,,,,,
SBNMS,S02,,7/19/18 18:18,42.18955833,-70.304885,1.026,19.5276,31.2369,,,,,,,,,,2117.022461,1903.77771,19.52759933,11.02600002,8.001060137,420.3732734,421.812314,1733.434151,156.2553463,14.08821161,67.58676171,3.500980977,0,0,11.03424997,3.830395413,2.466507293,431.3071017,N,ToRies_Labprocessed2018_sharedSeaGlass,,,,,,,,,,
BH,SG1,,8/9/18 11:54,42.346533,-70.960667,1,19.8,30.6,,,,,,,,,,2097.926758,1959.180908,18.5,11,7.851515987,622.9359919,625.0960301,1827.36261,110.2497421,21.5685734,47.8519482,2.227118646,0,0,13.44937795,2.710096553,1.737512382,638.2786307,N,ToRies_Labprocessed2018_sharedSeaGlass,,,,,,,,,,
BH,SG1,,8/9/18 11:59,42.346533,-70.960667,4.573170732,17.3,31,,,,,,,,,,2107.06543,1981.034424,18,14.57317066,7.818893964,678.0281702,680.3940332,1854.52908,102.7415906,23.76373871,45.0823804,1.986241368,0,0,13.96465632,2.515588885,1.612801156,694.2871528,Y,ToRies_Labprocessed2018_sharedSeaGlass,,,,,,,,,,
BH,SG1,,8/9/18 11:59,42.346533,-70.960667,4.573170732,17.3,31,,,,,,,,,,2103.812988,1986.644287,18,14.57317066,7.794662751,720.4956501,723.0096961,1863.74315,97.64892907,25.25215194,42.90989682,1.878455063,0,0,14.30871352,2.390897,1.532858357,737.7729945,Y,ToRies_Labprocessed2018_sharedSeaGlass,,,,,,,,,,
BH,38,Dorchester,8/9/18 13:07,42.320491,-71.017133,7.6,17.6,30.7,,,,,,,,,,2115.675537,1994.309204,18.10000038,16.09756088,7.80729841,703.061985,705.5121214,1869.197812,100.5008072,24.61062895,43.55031986,1.941631756,0,0,14.19818004,2.465344994,1.579630726,720.013304,N,ToRies_Labprocessed2018_sharedSeaGlass,,,,,,,,,,
BH,38,Dorchester,8/9/18 13:11,42.320491,-71.017133,1,19.2,30.9,,,,,,,,,,2096.164795,1968.840088,18,11,7.824955575,664.7093426,667.0287318,1842.30989,103.2205266,23.3097202,45.41916687,2.009892561,0,0,13.88758365,2.530450452,1.621800765,680.6496984,N,ToRies_Labprocessed2018_sharedSeaGlass,,,,,,,,,,
BH,139,Hangman's,8/9/18 13:28,42.290161,-70.967209,5.8,17.6,31,,,,,,,,,,2128.606201,1988.631226,18.5,15.48780441,7.846035588,639.0674867,641.2834611,1854.91263,111.6398016,22.07877631,48.21208279,2.216423967,0,0,13.47014046,2.734981519,1.755591196,654.8044326,N,ToRies_Labprocessed2018_sharedSeaGlass,,,,,,,,,,
BH,139,Hangman's,8/9/18 13:31,42.290161,-70.967209,1,19.9,31.1,,,,,,,,,,2100.337646,1950.358643,18.5,15.48780441,7.873843683,585.8171657,587.848494,1813.481747,116.6488762,20.22799971,51.20454162,2.367365278,0,0,13.00137003,2.855781915,1.833650027,600.2421415,N,ToRies_Labprocessed2018_sharedSeaGlass,,,,,,,,,,
BH,124,Hingham,8/9/18 13:50,42.272975,-70.897137,5.5,19.4,30.7,,,,,,,,,,2129.416504,1960.628174,18.20000076,11,7.926817719,518.6353227,520.4404745,1813.641138,128.8844714,18.10259077,55.43850569,2.579933541,0,0,12.47187955,3.164673028,2.02808093,531.2065034,Y,ToRies_Labprocessed2018_sharedSeaGlass,,,,,,,,,,
BH,124,Hingham,8/9/18 13:50,42.272975,-70.897137,5.5,19.4,30.7,,,,,,,,,,2112.845703,1963.62146,17.79999924,28.29268265,7.886004505,571.5043517,573.5035347,1827.023736,116.4181006,20.17963486,50.73443154,2.264551311,0,0,13.12505816,2.848939141,1.824366132,585.0664563,Y,ToRies_Labprocessed2018_sharedSeaGlass,,,,,,,,,,
BH,124,Hingham,8/9/18 13:53,42.272975,-70.897137,1,20.6,31.4,,,,,,,,,,2110.994629,1959.634033,17.70000076,11,7.884925412,570.4991034,572.4972801,1822.293917,117.2150485,20.12504797,52.02030239,2.263634471,0,0,12.99525968,2.862908978,1.836119595,583.9614731,N,ToRies_Labprocessed2018_sharedSeaGlass,,,,,,,,,,
BH,141,Peddocks,8/9/18 14:06,42.305944,-70.931408,16.5,14.9,31,,,,,,,,,,2137.13623,2018.410522,18.29999924,11,7.791271396,739.2675176,741.8373718,1893.123542,99.59961861,25.68731882,42.91311893,1.916778342,0,0,14.33009792,2.441084794,1.56609817,757.2794061,N,ToRies_Labprocessed2018_sharedSeaGlass,,,,,,,,,,
BH,141,Peddocks,8/9/18 14:11,42.305944,-70.931408,1,18.7,31.4,,,,,,,,,,2105.242432,1960.148071,18.20000076,18.23170662,7.861523527,604.6868239,606.7914848,1825.518384,113.6043473,21.02537274,50.27938128,2.24991417,0,0,13.1873039,2.773282855,1.780913226,619.3389256,N,ToRies_Labprocessed2018_sharedSeaGlass,,,,,,,,,,
BH,H2,Inner Harbor,8/9/18 15:04,42.3676987,-71.0477727,13.1,18.1,30.8,,,,,,,,,,2127.669922,2036.708618,17.89999962,25.24390221,7.719871162,881.6924836,884.7728648,1921.62801,84.05537257,31.02525706,36.38876036,1.561910415,0,0,15.46083915,2.056932155,1.317840309,902.7255799,N,ToRies_Labprocessed2018_sharedSeaGlass,,,,,,,,,,
BH,H2,Inner Harbor,8/9/18 15:06,42.3676987,-71.0477727,1,21.6,27.9,,,,,,,,,,1987.822998,1790.775024,19.10000038,11,8.038627511,368.0554917,369.3221816,1633.296229,144.7654831,12.71327424,61.56844059,3.436745621,0,0,11.22647301,3.626216177,2.307077423,377.4272173,N,ToRies_Labprocessed2018_sharedSeaGlass,,,,,,,,,,
BH,C2,Charles,8/9/18 15:14,42.3699199,-71.0564037,9.75,18.3,31.4,,,,,,,,,,2139.253174,2034.364258,18.29999924,22.07317162,7.746877323,825.697355,828.5676582,1913.871485,91.86504646,28.62773676,39.92499561,1.74477632,0,0,14.84696856,2.241504624,1.43983372,845.8112333,N,ToRies_Labprocessed2018_sharedSeaGlass,,,,,,,,,,
BH,C2,Charles,8/9/18 15:16,42.3699199,-71.0564037,1,20.6,25.4,,,,,,,,,,1881.697144,1770.509888,19.29999924,11,7.857550368,577.1881636,579.1696415,1659.400541,91.01377244,20.09555904,38.09624762,2.186911852,0,0,14.296791,2.318451351,1.460425898,592.0608263,N,ToRies_Labprocessed2018_sharedSeaGlass,,,,,,,,,,
BH,M2,Mystic,8/9/18 15:26,42.3737104,-71.0463438,12.5,17.5,31,,,,,,,,,,1957.377197,1744.50293,18.60000038,25.24390221,8.042456074,346.6776552,347.8782592,1582.172172,150.3877622,11.94298811,70.91930045,3.51944109,0,0,10.55055175,3.679015331,2.362409681,355.2600797,N,ToRies_Labprocessed2018_sharedSeaGlass,,,,,,,,,,
BH,M2,Mystic,8/9/18 15:29,42.3737104,-71.0463438,1,23.1,26.7,,,,,,,,,,2124.175049,2037.920776,19.5,11,7.733765554,883.52569,886.5512566,1924.46367,83.0851055,30.3719806,31.83638185,1.723520173,0,0,16.03170253,2.099455671,1.330644422,906.5224377,N,ToRies_Labprocessed2018_sharedSeaGlass,,,,,,,,,,
BH,141,Peddocks,10/24/18 12:36,42.305944,-70.931408,15.24,11.3,29.67,,,,,,,,,,2156.604248,2016.758057,11.30000019,25.23999977,7.981185534,461.270519,463.0234394,1887.447535,109.3116503,19.99889548,49.10004844,1.44406221,0,0,13.98087314,2.674045677,1.683816089,469.1173505,N,ToRies_Labprocessed2018_sharedSeaGlass,,,,,,,,,,
BH,141,Peddocks,10/24/18 12:46,42.305944,-70.931408,1,11.2,31.08,,,,,,,,,,2145.271973,2004.985474,11.19999981,11,7.967578607,470.8943397,472.6861469,1876.196029,108.4713268,20.31810917,50.72621295,1.418059037,0,0,13.81887801,2.639312498,1.668380244,478.8607562,N,ToRies_Labprocessed2018_sharedSeaGlass,,,,,,,,,,
BH,SG1,,10/24/18 13:01,42.346533,-70.960667,9.144,10.4,31.35,,,,,,,,,,2146.924072,2023.624756,10.39999962,19.1439991,7.930132758,515.787941,517.771011,1902.592149,98.22303965,22.80953309,46.69134907,1.206529303,0,0,14.55757095,2.381907951,1.504780481,524.1784284,Y,ToRies_Labprocessed2018_sharedSeaGlass,,,,,,,,,,
BH,SG1,,10/24/18 13:01,42.346533,-70.960667,9.144,10.4,31.35,,,,,,,,,,2147.216064,2032.069702,10.39999962,19.1439991,7.906933835,547.4033022,549.5079251,1914.181022,93.68105062,24.20764958,44.5418389,1.143770658,0,0,14.9162154,2.271764752,1.435197047,556.3080868,Y,ToRies_Labprocessed2018_sharedSeaGlass,,,,,,,,,,
BH,SG1,,10/24/18 13:11,42.346533,-70.960667,1,10.5,30.81,,,,,,,,,,2118.165527,2008.262817,10.5,11,7.899701535,552.5562238,554.6779049,1893.534052,90.29782248,24.43091424,42.92339131,1.125343023,0,0,15.10465517,2.199681677,1.387690452,561.5906566,N,ToRies_Labprocessed2018_sharedSeaGlass,,,,,,,,,,
BH,124,Hingham,10/24/18 13:36,42.272975,-70.897137,7.62,10.3,30.61,,,,,,,,,,2119.635986,1991.644287,10.30000019,17.62000084,7.957013484,477.3151072,479.1526417,1869.933163,100.4430789,21.26802653,47.57297241,1.254876358,0,0,14.33125955,2.446313577,1.541973982,485.0445835,Y,ToRies_Labprocessed2018_sharedSeaGlass,,,,,,,,,,
BH,124,Hingham,10/24/18 13:36,42.272975,-70.897137,7.62,10.3,30.61,,,,,,,,,,2118.568359,1993.112061,10.30000019,17.62000084,7.950005317,485.7452144,487.6152026,1872.497592,98.97078936,21.64365206,46.90586475,1.234789053,0,0,14.43891176,2.410455638,1.519371806,493.6112049,Y,ToRies_Labprocessed2018_sharedSeaGlass,,,,,,,,,,
BH,124,Hingham,10/24/18 13:40,42.272975,-70.897137,1,10.5,30.84,,,,,,,,,,2125.851074,1998.8927,10.5,11,7.947596561,490.5342902,492.4178222,1877.179888,100.0279441,21.68492064,47.36963713,1.257185748,0,0,14.36760371,2.4363058,1.537098434,498.5545474,N,ToRies_Labprocessed2018_sharedSeaGlass,,,,,,,,,,
BH,139,Hangman's,10/24/18 14:00,42.290161,-70.967209,9.144,10.5,31.33,,,,,,,,,,2139.036865,2012.032959,10.5,19.1439991,7.939932328,501.3829679,503.3081562,1889.764952,100.1658032,22.10226019,47.70573868,1.24617224,0,0,14.36812337,2.429393,1.534964926,509.5789089,N,ToRies_Labprocessed2018_sharedSeaGlass,,,,,,,,,,
BH,139,Hangman's,10/24/18 14:04,42.290161,-70.967209,1,10.6,31.03,,,,,,,,,,2118.443848,1993.394043,10.60000038,11,7.939040076,499.2498236,501.1643377,1872.707237,98.71286899,21.97388498,47.07345256,1.249126246,0,0,14.40470554,2.401849508,1.516436218,507.451739,N,ToRies_Labprocessed2018_sharedSeaGlass,,,,,,,,,,
BH,SG1,,11/30/18 11:36,42.346533,-70.960667,1,6.9,27.14,,,,,,,,,,1939.022705,1857.43689,6.900000095,11,7.928983567,471.3420536,473.2390595,1763.325687,70.05694616,24.05421122,34.81351842,0.7815528,0,0,16.59951166,1.735886974,1.075191597,477.8579559,Y,ToRies_Labprocessed2018_sharedSeaGlass,,,,,,,,,,
BH,SG1,,11/30/18 11:36,42.346533,-70.960667,1,6.9,27.14,,,,,,,,,,1927.959106,1850.435669,6.900000095,11,7.915320939,484.9382182,486.8899445,1758.005091,67.68246514,24.74807041,33.84413296,0.75734837,0,0,16.7879012,1.677051542,1.0387495,491.6420759,Y,ToRies_Labprocessed2018_sharedSeaGlass,,,,,,,,,,
BH,SG1,,11/30/18 12:01,42.346533,-70.960667,5.4864,6.7,30.21,,,,,,,,,,2095.602539,1990.439331,6.699999809,15.48639965,7.955670882,465.2206378,467.0979464,1881.569238,85.38656559,23.48356672,42.4126397,0.858707062,0,0,15.54499908,2.082523547,1.303655227,471.5864787,N,ToRies_Labprocessed2018_sharedSeaGlass,,,,,,,,,,
BH,SG1,SG1-1,7/2/19 0:00,42.346533,-70.960667,1,19.5,26.6,,,,,,,,,,2018.906522,1850.801766,19.5,11,8.120328937,447.4307146,448.962907,1706.66592,128.7466524,15.38918053,51.74407538,3.013643558,0,0,12.33300881,3.255410364,2.062430303,459.0771765,N,ToRies_Labprocessed2019_sharedSeaGlass,,,,,,,,,,
BH,SG1,SG1-2,7/2/19 0:00,42.346533,-70.960667,1,19.5,26.6,,,,,,,,,,2026.331515,1852.067553,19.5,11,8.134537394,432.4411703,433.9220322,1704.346407,132.8475078,14.87362182,53.18651842,3.113866556,0,0,12.14489453,3.359102126,2.128123105,443.6974597,N,ToRies_Labprocessed2019_sharedSeaGlass,,,,,,,,,,
BH,SG1,SG1-3,7/2/19 0:00,42.346533,-70.960667,8,18.6,28,,,,,,,,,,2035.750533,1864.765607,18.60000038,18,8.115313644,446.2437676,447.7891861,1719.58662,129.5519737,15.62706032,54.22702696,2.843529443,0,0,12.23278504,3.236206638,2.057398243,457.3069213,N,ToRies_Labprocessed2019_sharedSeaGlass,,,,,,,,,,
BH,SG1,SG1-1,8/15/19 0:00,42.346533,-70.960667,1,17.2,30.4,,,,,,,,,,2114.549642,1960.915198,17.20000076,11,8.045464384,537.6940764,539.5892424,1822.569488,118.993064,19.3524954,51.75587191,2.250299893,0,0,13.01092795,2.923435685,1.867403907,550.0577074,Y,ToRies_Labprocessed2019_sharedSeaGlass,,,,,,,,,,
BH,SG1,SG1-2,8/15/19 0:00,42.346533,-70.960667,1,17.2,30.4,,,,,,,,,,2113.657842,1955.952509,17.20000076,11,8.05582649,523.0437058,524.8872348,1815.719084,121.4082069,18.82520443,52.82985688,2.30463543,0,0,12.85981153,2.982771201,1.905305672,535.0704691,Y,ToRies_Labprocessed2019_sharedSeaGlass,,,,,,,,,,
BH,SG1,SG1-3,8/15/19 0:00,42.346533,-70.960667,8,16.1,29.7,,,,,,,,,,2127.435661,1971.031449,16.10000038,18,8.075922046,499.4858484,501.2709725,1831.502155,120.8852424,18.64414216,52.02128385,2.153009471,0,0,13.03929045,2.975217683,1.891766398,510.3307399,N,ToRies_Labprocessed2019_sharedSeaGlass,,,,,,,,,,
BH,SG1,SG1-1,10/10/19 0:00,42.346533,-70.960667,1,14.1,31.13,,,,,,,,,,2129.452388,2036.777537,14.10000038,11,7.906436191,749.7709737,752.5196027,1924.213832,83.06050149,29.50322438,37.8817442,1.248365442,0,0,15.62883162,2.02443815,1.287097234,764.442191,N,ToRies_Labprocessed2019_sharedSeaGlass,,,,,,,,,,
BH,SG1,SG1-surface,11/11/19 0:00,42.346533,-70.960667,1,7,30.9,,,,,,,,,,2155.100957,2041.263963,7,11,8.069058414,469.1278419,471.0134524,1926.376484,91.54802062,23.33946656,44.72677395,0.910537072,0,0,15.23883768,2.227029846,1.397478074,475.6330595,N,ToRies_Labprocessed2019_sharedSeaGlass,,,,,,,,,,
BH,SG1,SG1-bottom1,11/11/19 0:00,42.346533,-70.960667,8,6.9,29.5,,,,,,,,,,2161.192492,2034.171233,6.900000095,18,8.127939576,410.4212825,412.0731012,1913.800616,99.7122251,20.65841005,46.97111216,1.003872105,0,0,14.77979012,2.439393239,1.524103788,416.0897965,Y,ToRies_Labprocessed2019_sharedSeaGlass,,,,,,,,,,
BH,SG1,SG1-bottom2,11/11/19 0:00,42.346533,-70.960667,8,6.9,29.5,,,,,,,,,,2158.297009,2043.611627,6.900000095,18,8.092563207,448.6524612,450.4581486,1928.415008,92.61383152,22.5827629,43.73743021,0.925341453,0,0,15.35336293,2.265735763,1.415604669,454.8490034,Y,ToRies_Labprocessed2019_sharedSeaGlass,,,,,,,,,,
CC,HAR,HAR-bottom1,5/7/21 0:56,41.657931,-70.115249,4,12.66,30.9,,,,,,,,,,2181.580596,1991.620448,12.65999985,14,8.041558803,385.2386375,386.6771927,1836.401899,139.4387306,15.77989083,64.29783259,2.012590119,0,0,12.03882287,3.375696444,2.144939822,392.2436726,,ToRies_Labprocessed2020and2021_sharedSeaGlass,HAR_bottom1_05-07-21_7Jul21,HAR_bottom1,5/7/21 0:00,4,30.9,31.994,24.933,12.66,4,
CC,HAR,HAR-bottom1,5/7/21 0:56,41.657931,-70.115249,4,12.66,30.9,,,,,,,,,,2177.129149,1994.299057,12.65999985,14,8.026235074,400.5302158,402.0258727,1842.913732,134.9759157,16.40935635,62.33157227,1.94172338,0,0,12.25460015,3.268305691,2.07653099,407.8134137,,ToRies_Labprocessed2020and2021_sharedSeaGlass,HAR_bottom2_05-07-21_7Jul21,HAR_bottom2,5/7/21 0:00,4,30.9,31.96066667,24.997,12.66,4,
CC,HAR,HAR-surface,5/7/21 0:56,41.657931,-70.115249,1,12.69,30.7,,,,,,,,,,2179.329751,1995.272184,12.68999958,11,8.028403034,398.8035968,400.2922324,1843.136901,135.8122143,16.32312038,62.6211671,1.956796644,0,0,12.22096346,3.290357761,2.090589871,406.0663314,,ToRies_Labprocessed2020and2021_sharedSeaGlass,HAR_surface_05-07-21_7Jul21,HAR_surface,5/7/21 0:00,1,30.7,31.96066667,24.943,12.69,1,
CC,HAR,HAR-surface1,6/11/21 0:56,,,1,19.4,24.16,,,,,,,,,,2127.07076,1931.318183,16.80039024,23.28000069,8.000677368,421.7262869,423.2202201,1772.071795,143.9838848,15.26251833,64.32007479,2.721454668,0,0,11.60379965,3.502881628,2.242939703,431.2167125,,ToRies_Labprocessed2020and2021_sharedSeaGlass,F06_m_07-27-21_12Aug21,F06-m,7/17/21 0:00,13.29,31.31254005,31.52733333,25.374001,16.80039024,23.29,
CC,HAR,HAR-surface2,6/11/21 0:56,,,1,19.4,24.16,,,,,,,,,,2082.650343,1828.78144,20.81565666,12.19999981,8.072807499,339.1962657,340.3389558,1635.99028,181.8044062,10.98675906,78.43367821,4.626178218,0,0,9.961950177,4.474933137,2.888592115,348.6522288,,ToRies_Labprocessed2020and2021_sharedSeaGlass,F06_s_07-27-21_12Aug21,F06-s,7/17/21 0:00,2.2,30.69352341,30.92733333,25.358,20.81565666,12.2,
CC,HAR,HAR-bottom,6/11/21 0:56,,,3,19.4,24.03,,,,,,,,,,2176.63048,2053.73574,10.00173664,38.15000153,7.915249393,528.1325026,530.1735603,1931.932736,98.23501638,23.56802581,47.0845829,1.155336322,0,0,14.62996009,2.36409095,1.495567405,536.5573872,,ToRies_Labprocessed2020and2021_sharedSeaGlass,F06_d_07-27-21_12Aug21,F06-d,7/17/21 0:00,28.15,32.09930038,32.06066667,25.304001,10.00173664,38.15,
CC,NFAL,NFal-bottom1,6/18/21 0:56,,,2,20.99,29.9,,,,,,,,,,2146.345654,1945.237795,14.47889137,12,8.044711978,377.3622374,378.738961,1784.159673,146.4530784,14.62499465,66.874349,2.414814212,0,0,11.55250574,3.556263692,2.266611085,384.8888896,,ToRies_Labprocessed2020and2021_sharedSeaGlass,F22_s_06-23-21_12Aug21,F22-s,6/23/21 0:00,2,31.6970787,31.76066667,25.26,14.47889137,12,
CC,NFAL,NFal-bottom2,6/18/21 0:56,,,2,20.99,29.9,,,,,,,,,,2199.812448,2087.039399,6.308735847,88.33000183,7.938840394,488.8604856,490.8433946,1971.303563,91.03031917,24.70552547,45.62041745,0.839652423,0,0,15.3361256,2.164931008,1.363653733,495.4280462,,ToRies_Labprocessed2020and2021_sharedSeaGlass,F22_d_06-23-21_12Aug21,F22-d,6/23/21 0:00,78.33,32.48087311,32.36066667,25.34,6.308735847,88.33,
CC,HAR,HAR-surface,6/18/21 0:56,,,1,22.25,22.9,,,,,,,,,,2198.049256,2056.341232,7.39313364,43.43000031,8.004016557,418.3231784,419.9959146,1928.04981,107.9242002,20.3673751,53.07392119,1.08728357,0,0,14.0131842,2.590606196,1.633003892,424.2256012,,ToRies_Labprocessed2020and2021_sharedSeaGlass,F22_m1_06-23-21_12Aug21,F22-m1,6/23/21 0:00,33.43,32.36038208,32.26066667,25.313999,7.39313364,43.43,
CC,HAR,HAR-bottom1,6/18/21 0:56,,,2.6,22.25,22.9,,,,,,,,,,2197.448168,2059.788186,7.39313364,43.43000031,7.993337467,429.8976886,431.6167074,1933.269237,105.5878239,20.93091641,51.95273908,1.060873827,0,0,14.18047658,2.534523954,1.59765212,435.9634245,,ToRies_Labprocessed2020and2021_sharedSeaGlass,F22_m2_06-23-21_12Aug21,F22-m2,6/23/21 0:00,33.43,32.36038208,32.26066667,25.313999,7.39313364,43.43,
CC,HAR,HAR-bottom2,6/18/21 0:56,,,2.6,22.25,22.9,,,,,,,,,,2071.979772,1857.954221,19.73368454,11.77999973,8.01079597,401.4803661,402.851204,1688.872296,155.6794525,13.40244491,68.13196672,3.626477718,0,0,10.88116255,3.826068751,2.462634932,412.0404493,,ToRies_Labprocessed2020and2021_sharedSeaGlass,F22_s_07-27-21_13Aug21,F22-s,7/17/21 0:00,1.78,30.39637756,30.894,25.101,19.73368454,11.78,
CC,HAR,HAR-surface,7/8/21 0:56,,,1,23.1,29.83,,,,,,,,,,2196.746258,2085.89677,7.307369232,86.01999664,7.918525226,517.6612498,519.7335405,1970.120454,90.4973184,25.27890261,44.75543529,0.888162415,0,0,15.36289047,2.15457398,1.358673161,524.9367229,,ToRies_Labprocessed2020and2021_sharedSeaGlass,F22_d_07-27-21_13Aug21,F22-d,7/17/21 0:00,76.02,32.40195465,32.26066667,25.162001,7.307369232,86.02,
CC,HAR,HAR-bottom1,7/8/21 0:56,,,3,23.1,30.42,,,,,,,,,,2137.530797,1947.083925,12.18802452,36.34000015,8.061139095,357.9577914,359.3026122,1793.718558,138.4447523,14.92066557,64.93391597,1.9976986,0,0,11.91293413,3.345971553,2.122340505,364.316013,,ToRies_Labprocessed2020and2021_sharedSeaGlass,F22_m1_07-27-21-13Aug21,F22-m1,7/17/21 0:00,26.34,31.97380447,31.56066667,25.186001,12.18802452,36.34,
CC,HAR,HAR-bottom2,7/8/21 0:56,,,3,23.1,30.42,,,,,,,,,,2138.823973,1950.264612,12.18802452,36.34000015,8.056629352,362.5223518,363.8843213,1797.825466,137.3282805,15.110929,64.37382239,1.977061699,0,0,11.97713641,3.318988351,2.105225134,368.9616513,,ToRies_Labprocessed2020and2021_sharedSeaGlass,F22_m2_07-27-21_13Aug21,F22-m2,7/17/21 0:00,26.34,31.97380447,31.56066667,25.186001,12.18802452,36.34,
CC,HAR,HAR-surface1,8/2/21 0:56,,,1,23.06,30.79,,,,,,,,,,2018.539618,1831.657483,23.05999947,11,7.894025833,529.3509848,531.085512,1677.624416,137.9680362,16.06503339,61.16678914,3.825461237,0,0,11.3383955,3.388244117,2.205925291,546.0084015,,ToRies_Labprocessed2020and2021_sharedSeaGlass,HAR-surface1_08-02-21_14Mar22,HAR-surface1,8/2/21 0:00,1,30.79,31.82733333,24.865999,23.06,11,
CC,HAR,HAR-surface2,8/2/21 0:56,,,1,23.06,30.79,,,,,,,,,,2013.905527,1826.111528,23.05999947,11,7.897217822,523.719324,525.4353978,1671.820179,138.3944771,15.89692082,61.45800702,3.851242512,0,0,11.29834726,3.39956759,2.213102458,540.1998009,,ToRies_Labprocessed2020and2021_sharedSeaGlass,HAR-surface2_08-02-21_14Mar22,HAR-surface2,8/2/21 0:00,1,30.79,31.794,25.062,23.06,11,
CC,HAR,HAR-bottom,8/2/21 0:56,,,3.5,23.01,31.01,,,,,,,,,,2013.381673,1828.168573,23.01000023,13.5,7.892890821,529.9190101,531.6564665,1675.221193,136.8354731,16.1119693,60.71096646,3.791770184,0,0,11.37679572,3.361384112,2.187612776,546.5498336,,ToRies_Labprocessed2020and2021_sharedSeaGlass,HAR-bottom_08-02-21_14Mar22,HAR-bottom,8/2/21 0:00,3.5,31.01,31.72733333,25.054001,23.01,13.5,
CC,NFAL,NFal-bottom1,8/2/21 0:56,,,1.5,24.05,28.5,,,,,,,,,,2014.004782,1817.242502,24.04999924,11.5,7.916302671,501.1728683,502.7952345,1657.155496,145.1790876,14.90800822,62.19502078,4.308552418,0,0,11.0726491,3.602097155,2.344472275,517.8271551,,ToRies_Labprocessed2020and2021_sharedSeaGlass,NFal_bottom1_08-02-21_09Mar22,NFal-bottom1,8/2/21 0:00,1.5,28.5,30.72733333,25.087999,24.05,11.5,
CC,NFAL,NFal-bottom2,8/2/21 0:56,,,1.5,24.05,28.5,,,,,,,,,,2017.159041,1820.761732,24.04999924,11.5,7.913669483,505.106412,506.7415117,1660.768389,144.9761799,15.01714115,62.15974355,4.290983909,0,0,11.08824785,3.594339802,2.340122957,521.8905642,,ToRies_Labprocessed2020and2021_sharedSeaGlass,NFal_bottom2_08-02-21_09Mar22,NFal-bottom2,8/2/21 0:00,1.5,28.5,30.82733333,25.142,24.05,11.5,
CC,HAR,HAR-surface,9/28/21 14:00,,,1,21.11,26.51,,41.472,,,,,,,,1859.529844,1757.402189,21.11000061,11,7.766957628,702.7362335,705.0949967,1649.4862,84.97847779,22.93752852,37.88779482,2.216255757,0,0,14.28508522,2.136440421,1.366631836,722.6690678,,ToRies_Labprocessed2020and2021_sharedSeaGlass,HAR-surface_09-28-21_14Mar22,HAR-surface,9/28/21 13:04,1,26.51,27.994,24.9,21.11,11,Had to run DIC again 
CC,HAR,HAR-bottom1,9/28/21 14:00,,,3.15,21.15,28.36,,44.062,,,,,,,,1888.08995,1758.773552,21.14999962,13.14999962,7.826707643,604.1200266,606.1467756,1638.663629,100.5532499,19.55669969,45.71149171,2.623518509,0,0,13.09869966,2.504144793,1.609758516,621.2814494,,ToRies_Labprocessed2020and2021_sharedSeaGlass,HAR-bottom1_09-28-21_14Mar22,HAR-bottom1,9/28/21 13:04,3.15,28.36,29.32733333,24.915001,21.15,13.15,
CC,HAR,HAR-bottom2,9/28/21 14:00,,,3.15,21.15,28.36,,44.062,,,,,,,,1890.054402,1753.096511,21.14999962,13.14999962,7.848024248,571.9866745,573.9056199,1629.55528,105.0248331,18.5164721,47.7084706,2.755502044,0,0,12.80114499,2.615503619,1.681344161,588.2352753,,ToRies_Labprocessed2020and2021_sharedSeaGlass,HAR-bottom2_09-28-21_14Mar22,HAR-bottom2,9/28/21 13:04,3.15,28.36,29.32733333,24.861,21.15,13.15,Had to run DIC again 
CC,NFAL,NFal-bottom1,9/28/21 10:28,,,1.5,21.1,28.2,,44,,,,,,,,1985.726945,1788.858711,21.10000038,11.5,7.972225283,428.2514692,429.6890912,1631.734574,143.3160821,13.80813432,63.64761856,3.723402855,0,0,11.06231532,3.544735326,2.28573647,440.3781799,,ToRies_Labprocessed2020and2021_sharedSeaGlass,NFal_bottom1_09-28-21_09Mar22,NFal-bottom1,9/28/21 0:00,1.5,28.2,30.32733333,25.07,21.1,11.5,
CC,NFAL,NFal-bottom2,9/28/21 10:28,,,1.5,21.1,28.2,,44,,,,,,,,1985.084039,1800.726115,21.10000038,11.5,7.943317374,462.9060715,464.4600275,1650.196352,135.6041953,14.92550446,60.2072896,3.48363078,0,0,11.42832194,3.35399192,2.162740219,476.0140896,,ToRies_Labprocessed2020and2021_sharedSeaGlass,NFal_bottom2_09-28-21_09Mar22,NFal-bottom2,9/28/21 0:00,1.5,28.2,30.32733333,24.992001,21.1,11.5,
CC,HAR,HAR-surface,12/10/21 9:56,,,1,5.28,28.18,,46.356,,,,,,,,1945.411643,1881.641662,5.28000021,11,7.868912644,529.1835413,531.3594195,1792.910566,60.29247822,28.43852465,31.33553859,0.594352125,0,0,17.5775073,1.48622376,0.921998959,535.9887519,,ToRies_Labprocessed2020and2021_sharedSeaGlass,HAR-surface_12-10-21_14Mar22,HAR-surface,12/10/21 0:00,1,28.18,28.12733333,24.864,5.28,11,
CC,HAR,HAR-bottom1,12/10/21 9:56,,,2.7,5.28,28.58,,45.759,,,,,,,,1980.59044,1896.323317,5.28000021,12.69999981,7.933912545,456.3838327,458.2603757,1800.596852,71.27236742,24.45418365,36.76422063,0.69642702,0,0,16.51935569,1.752223889,1.089017814,462.2517561,,ToRies_Labprocessed2020and2021_sharedSeaGlass,HAR-bottom1_12-10-21_14Mar22,HAR-bottom1,12/10/21 0:00,2.7,28.58,28.62733333,24.992001,5.28,12.7,
CC,HAR,HAR-bottom2,12/10/21 9:56,,,2.7,5.28,28.58,,45.759,,,,,,,,1976.449981,1900.013898,5.28000021,12.69999981,7.906688957,487.5600815,489.5648138,1806.719734,67.16946642,26.12468479,34.74979403,0.654111861,0,0,16.92959552,1.651354486,1.026326866,493.8288513,,ToRies_Labprocessed2020and2021_sharedSeaGlass,HAR-bottom2_12-10-21_14Mar22,HAR-bottom2,12/10/21 0:00,2.7,28.58,28.62733333,24.917999,5.28,12.7,
CC,NFAL,NFal-bottom1,12/10/21 11:55,,,1.5,6.4,29.1,,46,,,,,,,,2046.772918,1904.34345,6.400000095,11.5,8.062711381,337.2865751,338.6530253,1782.421338,104.7513456,17.17080402,53.76898137,1.088769468,0,0,13.61193222,2.552270162,1.598652008,341.83948,,ToRies_Labprocessed2020and2021_sharedSeaGlass,NFal_bottom1_12-10-21_09Mar22,NFal-bottom1,12/10/21 0:00,1.5,29.1,30.56066667,25.077,6.4,11.5,
CC,NFAL,NFal-bottom2,12/10/21 11:55,,,1.5,6.4,29.1,,46,,,,,,,,2049.444997,1898.074821,6.400000095,11.5,8.087065416,317.0464237,318.3308749,1771.883314,110.0480015,16.14355588,56.32323936,1.150940564,0,0,13.24532673,2.681769694,1.67960042,321.3261693,,ToRies_Labprocessed2020and2021_sharedSeaGlass,NFal_bottom2_12-10-21_09Mar22,NFal-bottom2,12/10/21 0:00,1.5,29.1,30.52733333,25.106001,6.4,11.5,