DATE,TIME,Temp_deg_C,pH_units,Depth_m,SpCond_uS/cm,HDO_mg/l,HDO_%Sat,Chl_ug/l,pH_mV,Int_Batt_V,Salinity_PSS,TDS_mg/l,ORP_mV,Timestamp,TIME_BIN,lat,lon,ele
02/23/19,12:34:00,3.49,8.17,1.06,51010.0,10.29,96.1,1.02,-53.5,8.63,32.54,32640,-0.1,2019-02-23 12:34:00,2019-02-23-12-34,42.029937235638499,-70.532369473949075,3.02
02/23/19,12:35:00,3.48,8.16,28.16,50910.0,11.10,103.6,4.10,-52.9,8.61,32.47,32580,-0.2,2019-02-23 12:35:00,2019-02-23-12-35,42.031812518835068,-70.530107114464045,2.54
02/23/19,12:36:00,3.49,8.16,28.20,50940.0,11.11,103.7,2.27,-53.1,8.63,32.49,32600,-0.3,2019-02-23 12:36:00,2019-02-23-12-36,42.033566515892744,-70.527632189914584,1.58
03/19/19,11:11:00,3.56,8.29,16.93,50950.0,10.85,101.5,1.33,-60.0,8.64,32.51,32610,-0.2,2019-03-19 11:11:00,2019-03-19-11-11,42.202538391575217,-70.714134145528078,9.27
03/19/19,11:11:05,3.55,8.28,12.39,51000.0,10.90,102.0,0.94,-59.6,8.81,32.55,32640,-0.2,2019-03-19 11:11:05,2019-03-19-11-11,42.202538391575217,-70.714134145528078,9.27
03/19/19,11:11:10,3.64,8.27,7.66,50960.0,10.91,102.3,0.68,-59.1,8.86,32.53,32610,-0.2,2019-03-19 11:11:10,2019-03-19-11-11,42.202538391575217,-70.714134145528078,9.27
03/19/19,11:11:15,3.67,8.26,2.77,50880.0,10.92,102.4,0.57,-58.7,8.84,32.48,32560,-0.2,2019-03-19 11:11:15,2019-03-19-11-11,42.202538391575217,-70.714134145528078,9.27
03/19/19,13:29:45,3.26,8.59,0.61,51580.0,9.09,84.7,0.49,-76.6,8.76,32.90,33010,-0.3,2019-03-19 13:29:45,2019-03-19-13-29,42.403455544263124,-70.428758673369884,5.42
03/19/19,13:29:50,3.25,8.47,0.71,51530.0,9.00,83.8,0.74,-70.0,8.83,32.87,32980,-0.2,2019-03-19 13:29:50,2019-03-19-13-29,42.403455544263124,-70.428758673369884,5.42
03/19/19,13:29:55,3.24,8.39,3.13,51420.0,9.30,86.5,0.82,-65.7,8.46,32.79,32910,-0.3,2019-03-19 13:29:55,2019-03-19-13-29,42.403455544263124,-70.428758673369884,5.42
03/19/19,13:30:00,3.13,8.33,8.48,51450.0,9.53,88.4,0.68,-62.5,8.86,32.79,32920,-0.3,2019-03-19 13:30:00,2019-03-19-13-30,42.401728453114629,-70.426674513146281,5.42
03/19/19,13:30:05,3.13,8.30,13.71,51330.0,9.64,89.3,0.98,-60.6,8.76,32.70,32850,-0.2,2019-03-19 13:30:05,2019-03-19-13-30,42.401728453114629,-70.426674513146281,5.42
03/19/19,13:30:10,3.10,8.28,17.92,51340.0,9.81,90.9,1.57,-59.2,8.88,32.71,32850,-0.2,2019-03-19 13:30:10,2019-03-19-13-30,42.401728453114629,-70.426674513146281,5.42
03/19/19,13:30:15,3.11,8.26,16.86,51310.0,9.95,92.2,1.63,-58.4,8.93,32.69,32830,-0.2,2019-03-19 13:30:15,2019-03-19-13-30,42.401728453114629,-70.426674513146281,5.42
03/19/19,13:30:20,3.11,8.25,16.26,51290.0,10.01,92.8,1.59,-57.6,8.76,32.67,32820,-0.2,2019-03-19 13:30:20,2019-03-19-13-30,42.401728453114629,-70.426674513146281,5.42
03/19/19,13:30:25,3.12,8.24,13.05,51300.0,10.20,94.5,1.10,-57.1,8.88,32.69,32830,-0.3,2019-03-19 13:30:25,2019-03-19-13-30,42.401728453114629,-70.426674513146281,5.42
03/19/19,13:30:30,3.11,8.23,11.25,51280.0,10.42,96.5,1.01,-56.6,8.93,32.67,32820,-0.3,2019-03-19 13:30:30,2019-03-19-13-30,42.401728453114629,-70.426674513146281,5.42
03/19/19,13:30:35,3.13,8.22,8.44,51270.0,10.49,97.2,0.84,-56.3,8.98,32.66,32810,-0.3,2019-03-19 13:30:35,2019-03-19-13-30,42.401728453114629,-70.426674513146281,5.42
03/19/19,13:30:40,3.18,8.22,4.92,51270.0,10.61,98.5,0.61,-55.9,8.74,32.67,32810,-0.3,2019-03-19 13:30:40,2019-03-19-13-30,42.401728453114629,-70.426674513146281,5.42
03/19/19,13:30:45,3.24,8.21,1.07,51230.0,10.69,99.4,0.52,-55.5,8.89,32.65,32780,-0.3,2019-03-19 13:30:45,2019-03-19-13-30,42.401728453114629,-70.426674513146281,5.42
03/19/19,13:32:10,3.46,8.18,0.59,45770.0,11.44,104.1,4.59,-54.2,8.86,28.87,29290,-0.3,2019-03-19 13:32:10,2019-03-19-13-32,42.398909786716104,-70.421953909099102,11.67
03/19/19,13:32:15,3.26,8.18,0.54,51120.0,10.68,99.3,0.30,-53.8,8.73,32.58,32710,-0.3,2019-03-19 13:32:15,2019-03-19-13-32,42.398909786716104,-70.421953909099102,11.67
03/19/19,13:32:20,3.24,8.18,0.68,51110.0,10.73,99.6,0.40,-53.9,8.93,32.57,32710,-0.3,2019-03-19 13:32:20,2019-03-19-13-32,42.398909786716104,-70.421953909099102,11.67
03/19/19,13:32:25,3.12,8.18,6.30,51120.0,10.80,100.0,0.72,-53.9,8.86,32.56,32720,-0.2,2019-03-19 13:32:25,2019-03-19-13-32,42.398909786716104,-70.421953909099102,11.67
03/19/19,13:32:30,3.10,8.18,10.68,51160.0,10.86,100.5,1.13,-53.9,8.81,32.59,32740,-0.3,2019-03-19 13:32:30,2019-03-19-13-32,42.398909786716104,-70.421953909099102,11.67
03/19/19,13:32:35,3.10,8.18,16.77,51180.0,10.92,101.0,1.52,-53.8,8.69,32.60,32760,-0.3,2019-03-19 13:32:35,2019-03-19-13-32,42.398909786716104,-70.421953909099102,11.67
03/19/19,13:32:40,3.10,8.18,22.95,51200.0,10.96,101.5,1.75,-53.9,8.71,32.61,32770,-0.3,2019-03-19 13:32:40,2019-03-19-13-32,42.398909786716104,-70.421953909099102,11.67
03/19/19,13:32:45,3.10,8.18,26.03,51220.0,10.98,101.6,1.90,-53.8,8.73,32.63,32780,-0.2,2019-03-19 13:32:45,2019-03-19-13-32,42.398909786716104,-70.421953909099102,11.67
03/19/19,13:32:50,3.10,8.18,26.05,51240.0,11.00,101.9,1.83,-53.8,8.64,32.64,32790,-0.2,2019-03-19 13:32:50,2019-03-19-13-32,42.398909786716104,-70.421953909099102,11.67
03/19/19,13:32:55,3.10,8.18,22.57,51200.0,11.04,102.2,1.85,-53.8,8.33,32.61,32770,-0.3,2019-03-19 13:32:55,2019-03-19-13-32,42.398909786716104,-70.421953909099102,11.67
03/19/19,13:33:00,3.10,8.18,17.22,51230.0,11.07,102.5,1.84,-53.8,8.53,32.63,32790,-0.2,2019-03-19 13:33:00,2019-03-19-13-33,42.39802272990346,-70.419356441125274,10.23
03/19/19,13:33:05,3.11,8.18,11.94,51210.0,11.08,102.5,1.31,-53.8,8.73,32.62,32770,-0.3,2019-03-19 13:33:05,2019-03-19-13-33,42.39802272990346,-70.419356441125274,10.23
03/19/19,13:33:10,3.12,8.18,6.73,51210.0,11.08,102.6,0.77,-53.8,8.54,32.62,32770,-0.2,2019-03-19 13:33:10,2019-03-19-13-33,42.39802272990346,-70.419356441125274,10.23
03/19/19,13:33:15,3.19,8.18,2.33,51180.0,11.04,102.4,0.67,-53.7,8.74,32.61,32750,-0.2,2019-03-19 13:33:15,2019-03-19-13-33,42.39802272990346,-70.419356441125274,10.23
03/19/19,13:49:50,3.32,8.54,0.30,50820.0,9.40,87.4,0.57,-73.8,8.66,32.38,32530,-0.2,2019-03-19 13:49:50,2019-03-19-13-49,42.390672136098146,-70.411660680547357,8.789999999999999
03/19/19,13:49:55,3.30,8.43,0.40,51030.0,9.46,87.9,0.60,-67.5,8.51,32.53,32660,-0.2,2019-03-19 13:49:55,2019-03-19-13-49,42.390672136098146,-70.411660680547357,8.789999999999999
03/19/19,13:50:00,3.25,8.36,4.07,51020.0,9.71,90.2,0.67,-64.1,8.71,32.51,32650,-0.2,2019-03-19 13:50:00,2019-03-19-13-50,42.390967011451721,-70.412213131785393,8.789999999999999
03/19/19,13:50:05,3.16,8.32,10.42,51010.0,9.88,91.6,1.00,-61.9,8.78,32.49,32640,-0.2,2019-03-19 13:50:05,2019-03-19-13-50,42.390967011451721,-70.412213131785393,8.789999999999999
03/19/19,13:50:10,3.16,8.30,15.84,51060.0,9.95,92.1,1.37,-60.5,8.66,32.52,32680,-0.2,2019-03-19 13:50:10,2019-03-19-13-50,42.390967011451721,-70.412213131785393,8.789999999999999
03/19/19,13:50:15,3.15,8.28,22.74,51080.0,10.06,93.2,1.56,-59.4,8.63,32.53,32690,-0.2,2019-03-19 13:50:15,2019-03-19-13-50,42.390967011451721,-70.412213131785393,8.789999999999999
03/19/19,13:50:20,3.15,8.26,26.33,51070.0,10.15,94.0,2.10,-58.6,8.81,32.53,32690,-0.2,2019-03-19 13:50:20,2019-03-19-13-50,42.390967011451721,-70.412213131785393,8.789999999999999
03/19/19,13:50:25,3.15,8.25,26.00,51120.0,10.19,94.4,1.69,-58.0,8.66,32.57,32720,-0.2,2019-03-19 13:50:25,2019-03-19-13-50,42.390967011451721,-70.412213131785393,8.789999999999999
03/19/19,13:50:30,3.15,8.24,25.77,51120.0,10.32,95.6,1.76,-57.5,8.66,32.56,32710,-0.2,2019-03-19 13:50:30,2019-03-19-13-50,42.390967011451721,-70.412213131785393,8.789999999999999
03/19/19,13:50:35,3.15,8.24,21.29,51070.0,10.46,96.9,1.65,-57.1,8.71,32.52,32680,-0.2,2019-03-19 13:50:35,2019-03-19-13-50,42.390967011451721,-70.412213131785393,8.789999999999999
03/19/19,13:50:40,3.16,8.23,16.50,51040.0,10.52,97.4,1.55,-56.8,8.69,32.51,32660,-0.2,2019-03-19 13:50:40,2019-03-19-13-50,42.390967011451721,-70.412213131785393,8.789999999999999
03/19/19,13:50:45,3.17,8.23,12.05,51080.0,10.60,98.2,1.28,-56.5,8.79,32.54,32690,-0.2,2019-03-19 13:50:45,2019-03-19-13-50,42.390967011451721,-70.412213131785393,8.789999999999999
03/19/19,13:50:50,3.19,8.22,7.57,51070.0,10.67,98.9,0.97,-56.3,8.56,32.54,32680,-0.2,2019-03-19 13:50:50,2019-03-19-13-50,42.390967011451721,-70.412213131785393,8.789999999999999
03/19/19,13:50:55,3.24,8.22,3.13,51100.0,10.68,99.1,0.78,-56.1,8.86,32.56,32700,-0.2,2019-03-19 13:50:55,2019-03-19-13-50,42.390967011451721,-70.412213131785393,8.789999999999999
04/12/19,13:23:20,4.43,8.22,28.76,50690.0,11.29,107.8,5.79,-56.3,8.44,32.46,32440,-0.2,2019-04-12 13:23:20,2019-04-12-13-23,42.180219562724233,-70.330662913620472,9.75
04/12/19,13:23:25,4.44,8.22,23.56,50670.0,11.31,108.0,6.42,-56.3,8.13,32.45,32430,-0.2,2019-04-12 13:23:25,2019-04-12-13-23,42.180219562724233,-70.330662913620472,9.75
04/12/19,13:23:30,4.43,8.22,18.27,50680.0,11.32,108.1,6.11,-56.3,7.49,32.45,32430,-0.2,2019-04-12 13:23:30,2019-04-12-13-23,42.180219562724233,-70.330662913620472,9.75
04/12/19,13:23:35,4.43,8.22,13.97,50630.0,11.35,108.4,6.83,-56.4,8.26,32.41,32400,-0.3,2019-04-12 13:23:35,2019-04-12-13-23,42.180219562724233,-70.330662913620472,9.75
04/12/19,13:23:40,4.43,8.22,9.52,50650.0,11.36,108.5,6.55,-56.5,7.76,32.43,32420,-0.2,2019-04-12 13:23:40,2019-04-12-13-23,42.180219562724233,-70.330662913620472,9.75
04/12/19,13:23:45,4.43,8.23,4.64,50640.0,11.38,108.7,6.10,-56.9,8.28,32.42,32410,-0.3,2019-04-12 13:23:45,2019-04-12-13-23,42.180219562724233,-70.330662913620472,9.75
04/12/19,13:23:50,4.49,8.23,0.15,50440.0,11.39,108.8,4.11,-57.2,8.51,32.29,32280,-0.3,2019-04-12 13:23:50,2019-04-12-13-23,42.180219562724233,-70.330662913620472,9.75
04/12/19,15:57:40,4.30,8.19,24.71,50610.0,10.75,102.3,6.60,-54.9,8.44,32.38,32390,-0.2,2019-04-12 15:57:40,2019-04-12-15-57,42.176011679694057,-70.28158594854176,1.1
04/12/19,15:57:45,4.31,8.19,27.42,50600.0,10.83,103.1,7.00,-54.8,8.39,32.38,32380,-0.2,2019-04-12 15:57:45,2019-04-12-15-57,42.176011679694057,-70.28158594854176,1.1
04/12/19,15:57:50,4.31,8.19,26.70,50590.0,10.90,103.7,6.01,-54.7,8.54,32.37,32370,-0.2,2019-04-12 15:57:50,2019-04-12-15-57,42.176011679694057,-70.28158594854176,1.1
04/12/19,15:57:55,4.30,8.19,26.31,50610.0,10.92,103.9,7.67,-54.8,8.09,32.38,32390,-0.2,2019-04-12 15:57:55,2019-04-12-15-57,42.176011679694057,-70.28158594854176,1.1
04/12/19,15:58:00,4.30,8.19,21.20,50510.0,10.96,104.3,7.26,-54.8,8.09,32.31,32320,-0.2,2019-04-12 15:58:00,2019-04-12-15-58,42.175412122160196,-70.281904796138406,3.5
04/12/19,15:58:05,4.31,8.19,14.47,50590.0,10.99,104.6,6.07,-54.8,8.54,32.37,32370,-0.2,2019-04-12 15:58:05,2019-04-12-15-58,42.175412122160196,-70.281904796138406,3.5
04/12/19,15:58:10,4.32,8.19,8.17,50560.0,11.03,105.0,7.17,-54.9,8.56,32.35,32360,-0.2,2019-04-12 15:58:10,2019-04-12-15-58,42.175412122160196,-70.281904796138406,3.5
04/12/19,15:58:15,4.35,8.20,2.12,50610.0,11.09,105.6,5.89,-55.2,8.43,32.39,32390,-0.2,2019-04-12 15:58:15,2019-04-12-15-58,42.175412122160196,-70.281904796138406,3.5
04/17/19,13:02:55,6.52,7.91,0.69,20140.0,11.57,101.4,0.87,-39.8,8.46,11.93,12890,-0.2,2019-04-17 13:02:55,2019-04-17-13-02,42.192237619310617,-70.421249745413661,12.630000000000001
04/17/19,13:03:00,5.26,8.19,0.66,50510.0,8.60,83.8,0.63,-54.7,8.46,32.45,32330,-0.2,2019-04-17 13:03:00,2019-04-17-13-03,42.191415019333363,-70.417971080169082,12.15
04/17/19,13:03:05,5.24,8.20,0.67,50490.0,8.64,84.1,0.70,-55.6,8.41,32.43,32310,-0.3,2019-04-17 13:03:05,2019-04-17-13-03,42.191415019333363,-70.417971080169082,12.15
04/17/19,13:03:10,4.69,8.17,6.98,50540.0,9.01,86.6,0.81,-53.6,8.08,32.39,32350,-0.3,2019-04-17 13:03:10,2019-04-17-13-03,42.191415019333363,-70.417971080169082,12.15
04/17/19,13:03:15,4.31,8.15,12.05,50740.0,9.28,88.4,1.62,-52.7,8.46,32.48,32470,-0.3,2019-04-17 13:03:15,2019-04-17-13-03,42.191415019333363,-70.417971080169082,12.15
04/17/19,13:03:20,4.07,8.13,17.07,50950.0,9.42,89.3,2.10,-51.6,8.44,32.59,32610,-0.3,2019-04-17 13:03:20,2019-04-17-13-03,42.191415019333363,-70.417971080169082,12.15
04/17/19,13:03:25,3.95,8.11,21.85,50910.0,9.60,90.6,1.89,-50.5,8.34,32.54,32580,-0.3,2019-04-17 13:03:25,2019-04-17-13-03,42.191415019333363,-70.417971080169082,12.15
04/17/19,13:03:30,3.94,8.11,26.92,51010.0,9.71,91.8,2.00,-50.1,8.43,32.61,32640,-0.3,2019-04-17 13:03:30,2019-04-17-13-03,42.191415019333363,-70.417971080169082,12.15
04/17/19,13:03:35,3.94,8.11,30.66,50990.0,9.77,92.3,1.99,-50.1,8.39,32.60,32630,-0.3,2019-04-17 13:03:35,2019-04-17-13-03,42.191415019333363,-70.417971080169082,12.15
04/17/19,13:03:40,3.94,8.11,30.40,51010.0,9.93,93.9,1.87,-50.2,8.29,32.62,32650,-0.2,2019-04-17 13:03:40,2019-04-17-13-03,42.191415019333363,-70.417971080169082,12.15
04/17/19,13:03:45,3.95,8.11,28.91,51000.0,10.12,95.7,2.38,-50.3,8.36,32.61,32640,-0.3,2019-04-17 13:03:45,2019-04-17-13-03,42.191415019333363,-70.417971080169082,12.15
04/17/19,13:03:50,3.94,8.11,23.24,50980.0,10.20,96.4,2.22,-50.5,8.43,32.59,32630,-0.3,2019-04-17 13:03:50,2019-04-17-13-03,42.191415019333363,-70.417971080169082,12.15
04/17/19,13:03:55,3.99,8.12,17.62,51030.0,10.31,97.5,2.31,-50.7,8.23,32.63,32660,-0.3,2019-04-17 13:03:55,2019-04-17-13-03,42.191415019333363,-70.417971080169082,12.15
04/17/19,13:04:00,4.15,8.13,12.03,50910.0,10.36,98.4,1.71,-51.3,8.48,32.57,32580,-0.2,2019-04-17 13:04:00,2019-04-17-13-04,42.190564088523388,-70.414664419367909,11.67
04/17/19,13:04:05,4.59,8.15,6.89,50660.0,10.31,98.9,1.05,-52.7,8.44,32.46,32420,-0.3,2019-04-17 13:04:05,2019-04-17-13-04,42.190564088523388,-70.414664419367909,11.67
04/17/19,13:04:10,5.10,8.16,1.61,50560.0,10.28,99.8,0.66,-53.4,8.39,32.46,32360,-0.3,2019-04-17 13:04:10,2019-04-17-13-04,42.190564088523388,-70.414664419367909,11.67
4/25/19,12:18:35,7.25,8.14,0.62,49580.0,8.93,90.9,0.44,-52.5,8.46,32.01,31730,-0.2,2019-04-25 12:18:35,2019-04-25-12-18,42.291460828855634,-70.615795059129596,16
4/25/19,12:18:40,7.29,8.15,0.6,49700.0,8.88,90.5,0.4,-53.2,8.29,32.1,31810,-0.2,2019-04-25 12:18:40,2019-04-25-12-18,42.291460828855634,-70.615795059129596,16
4/25/19,12:18:45,6.53,8.16,1.93,49860.0,9.3,93.2,0.43,-53.9,8.49,32.14,31910,-0.2,2019-04-25 12:18:45,2019-04-25-12-18,42.291460828855634,-70.615795059129596,16
4/25/19,12:18:50,5.74,8.18,8.01,49920.0,9.48,93.2,0.56,-54.6,8.53,32.09,31950,-0.2,2019-04-25 12:18:50,2019-04-25-12-18,42.291460828855634,-70.615795059129596,16
4/25/19,12:18:55,4.99,8.17,14.54,50240.0,9.74,94.1,0.57,-53.9,8.44,32.22,32150,-0.2,2019-04-25 12:18:55,2019-04-25-12-18,42.291460828855634,-70.615795059129596,16
4/25/19,12:19:00,4.46,8.13,20.49,50480.0,9.93,94.9,0.93,-51.7,8.34,32.32,32310,-0.2,2019-04-25 12:19:00,2019-04-25-12-19,42.2936677839607,-70.613797483965755,18.399999999999999
4/25/19,12:19:05,4.22,8.12,26.05,50610.0,10.01,95.1,1.42,-50.8,8.23,32.37,32390,-0.2,2019-04-25 12:19:05,2019-04-25-12-19,42.2936677839607,-70.613797483965755,18.399999999999999
4/25/19,12:19:10,4.19,8.12,27.21,50680.0,10.06,95.5,2.39,-50.7,8.09,32.42,32430,-0.3,2019-04-25 12:19:10,2019-04-25-12-19,42.2936677839607,-70.613797483965755,18.399999999999999
4/25/19,12:19:15,4.2,8.12,27.15,50640.0,10.13,96.2,1.59,-50.7,8.26,32.39,32410,-0.2,2019-04-25 12:19:15,2019-04-25-12-19,42.2936677839607,-70.613797483965755,18.399999999999999
4/25/19,12:19:20,4.21,8.12,24.99,50590.0,10.19,96.7,0.99,-50.8,8.33,32.36,32380,-0.2,2019-04-25 12:19:20,2019-04-25-12-19,42.2936677839607,-70.613797483965755,18.399999999999999
4/25/19,12:19:25,4.27,8.12,23.13,50530.0,10.25,97.4,0.78,-50.9,8.04,32.32,32330,-0.2,2019-04-25 12:19:25,2019-04-25-12-19,42.2936677839607,-70.613797483965755,18.399999999999999
4/25/19,12:19:30,4.38,8.12,20.3,50480.0,10.28,97.9,0.93,-51,8.24,32.31,32310,-0.2,2019-04-25 12:19:30,2019-04-25-12-19,42.2936677839607,-70.613797483965755,18.399999999999999
4/25/19,12:19:35,4.58,8.14,15.53,50400.0,10.25,98.2,1,-51.8,8.33,32.27,32250,-0.2,2019-04-25 12:19:35,2019-04-25-12-19,42.2936677839607,-70.613797483965755,18.399999999999999
4/25/19,12:19:40,5.23,8.16,10.86,50090.0,10.17,98.8,0.79,-53.4,8.13,32.15,32060,-0.3,2019-04-25 12:19:40,2019-04-25-12-19,42.2936677839607,-70.613797483965755,18.399999999999999
4/25/19,12:19:45,5.63,8.19,6.56,49900.0,10.16,99.6,0.54,-54.9,8.33,32.06,31930,-0.3,2019-04-25 12:19:45,2019-04-25-12-19,42.2936677839607,-70.613797483965755,18.399999999999999
4/25/19,12:19:50,6.15,8.2,2.47,49790.0,10.09,100.1,0.57,-55.6,8.29,32.04,31860,-0.2,2019-04-25 12:19:50,2019-04-25-12-19,42.2936677839607,-70.613797483965755,18.399999999999999
4/25/19,12:43:50,5.78,8.2,12.96,49970.0,10.59,104.3,1.34,-55.6,8.31,32.13,31980,-0.2,2019-04-25 12:43:50,2019-04-25-12-43,42.346521969884634,-70.566707365214825,5.42
4/25/19,12:43:55,5.9,8.2,8.37,49950.0,10.66,105.2,1.24,-56,8.06,32.13,31970,-0.2,2019-04-25 12:43:55,2019-04-25-12-43,42.346521969884634,-70.566707365214825,5.42
4/25/19,12:44:00,6.18,8.21,3.88,49780.0,10.62,105.5,0.94,-56.4,7.79,32.04,31860,-0.2,2019-04-25 12:44:00,2019-04-25-12-44,42.348764631897211,-70.564808109775186,5.42
4/25/19,12:44:05,6.55,8.23,0.06,49630.0,10.61,106.2,0.79,-57.6,8.06,31.98,31760,-0.2,2019-04-25 12:44:05,2019-04-25-12-44,42.348764631897211,-70.564808109775186,5.42
4/25/19,13:11:10,4.58,8.17,28.85,50600.0,10.09,96.7,1.58,-53.5,8.24,32.42,32380,-0.2,2019-04-25 13:11:10,2019-04-25-13-11,42.404035991057754,-70.525072440505028,7.35
4/25/19,13:11:15,4.58,8.16,33.75,50610.0,10.13,97.1,1.49,-53.2,8.46,32.43,32390,-0.2,2019-04-25 13:11:15,2019-04-25-13-11,42.404035991057754,-70.525072440505028,7.35
4/25/19,13:11:20,4.58,8.16,33.27,50630.0,10.14,97.2,1.35,-53.2,8.03,32.44,32400,-0.2,2019-04-25 13:11:20,2019-04-25-13-11,42.404035991057754,-70.525072440505028,7.35
4/25/19,13:11:25,4.57,8.16,33,50600.0,10.17,97.5,2.02,-53.1,7.73,32.42,32380,-0.2,2019-04-25 13:11:25,2019-04-25-13-11,42.404035991057754,-70.525072440505028,7.35
4/25/19,13:11:30,4.58,8.16,31.97,50590.0,10.2,97.7,1.72,-53.1,8.03,32.41,32380,-0.2,2019-04-25 13:11:30,2019-04-25-13-11,42.404035991057754,-70.525072440505028,7.35
4/25/19,13:11:35,4.58,8.16,28.74,50610.0,10.21,97.9,1.52,-53.2,8.16,32.43,32390,-0.3,2019-04-25 13:11:35,2019-04-25-13-11,42.404035991057754,-70.525072440505028,7.35
4/25/19,13:11:40,4.59,8.16,25.93,50630.0,10.26,98.3,1.7,-53.3,7.69,32.44,32400,-0.2,2019-04-25 13:11:40,2019-04-25-13-11,42.404035991057754,-70.525072440505028,7.35
4/25/19,13:11:45,4.59,8.16,22.05,50550.0,10.29,98.7,1.33,-53.4,8.24,32.39,32350,-0.2,2019-04-25 13:11:45,2019-04-25-13-11,42.404035991057754,-70.525072440505028,7.35
4/25/19,13:11:50,4.76,8.17,18.15,50430.0,10.27,98.8,1.28,-53.6,8.26,32.32,32270,-0.2,2019-04-25 13:11:50,2019-04-25-13-11,42.404035991057754,-70.525072440505028,7.35
4/25/19,13:11:55,4.96,8.19,16.85,50400.0,10.25,99.1,1.04,-54.6,8.36,32.33,32250,-0.2,2019-04-25 13:11:55,2019-04-25-13-11,42.404035991057754,-70.525072440505028,7.35
4/25/19,13:12:00,5.34,8.2,14.61,50250.0,10.21,99.5,1.28,-55.4,8.41,32.27,32160,-0.3,2019-04-25 13:12:00,2019-04-25-13-12,42.406278820708394,-70.523915402591228,4.94
4/25/19,13:12:05,5.57,8.21,11.44,50190.0,10.18,99.8,1.29,-56.3,8.48,32.26,32120,-0.2,2019-04-25 13:12:05,2019-04-25-13-12,42.406278820708394,-70.523915402591228,4.94
4/25/19,13:12:10,5.88,8.22,8.56,50070.0,10.19,100.6,1.19,-56.9,8.39,32.21,32040,-0.3,2019-04-25 13:12:10,2019-04-25-13-12,42.406278820708394,-70.523915402591228,4.94
4/25/19,13:12:15,6.24,8.24,4.87,49920.0,10.22,101.7,1.21,-58.1,8.48,32.14,31940,-0.2,2019-04-25 13:12:15,2019-04-25-13-12,42.406278820708394,-70.523915402591228,4.94
4/25/19,13:12:20,6.99,8.25,1.63,49240.0,10.14,102.4,1.81,-58.9,8.09,31.74,31510,-0.2,2019-04-25 13:12:20,2019-04-25-13-12,42.406278820708394,-70.523915402591228,4.94
4/25/19,13:33:50,6.99,8.19,0.51,49650.0,9.24,93.5,0.51,-55.6,8.36,32.04,31780,-0.2,2019-04-25 13:33:50,2019-04-25-13-33,42.448510620743036,-70.500504327937961,6.39
4/25/19,13:33:55,6.96,8.2,0.65,49650.0,9.33,94.3,0.42,-56.1,8.29,32.03,31780,-0.2,2019-04-25 13:33:55,2019-04-25-13-33,42.448510620743036,-70.500504327937961,6.39
4/25/19,13:34:00,6.07,8.2,5.45,49810.0,9.7,96.1,0.52,-56,8.16,32.05,31880,-0.2,2019-04-25 13:34:00,2019-04-25-13-34,42.44940840639174,-70.500050112605095,4.94
4/25/19,13:34:05,5.57,8.2,10.39,49980.0,9.9,96.9,0.77,-55.9,8.19,32.11,31990,-0.2,2019-04-25 13:34:05,2019-04-25-13-34,42.44940840639174,-70.500050112605095,4.94
4/25/19,13:34:10,5.2,8.2,15.84,50190.0,10.02,97.3,0.65,-55.4,8.39,32.21,32120,-0.2,2019-04-25 13:34:10,2019-04-25-13-34,42.44940840639174,-70.500050112605095,4.94
4/25/19,13:34:15,4.79,8.18,20.96,50340.0,10.2,98.1,1.46,-54.3,8.23,32.26,32210,-0.2,2019-04-25 13:34:15,2019-04-25-13-34,42.44940840639174,-70.500050112605095,4.94
4/25/19,13:34:20,4.56,8.17,26.41,50490.0,10.3,98.6,1.32,-53.5,8.29,32.34,32310,-0.2,2019-04-25 13:34:20,2019-04-25-13-34,42.44940840639174,-70.500050112605095,4.94
4/25/19,13:34:25,4.34,8.16,27.58,50610.0,10.36,98.7,2.39,-53,8.31,32.39,32390,-0.2,2019-04-25 13:34:25,2019-04-25-13-34,42.44940840639174,-70.500050112605095,4.94
4/25/19,13:34:30,4.4,8.16,27.15,50560.0,10.44,99.6,4.72,-52.9,8.13,32.36,32360,-0.2,2019-04-25 13:34:30,2019-04-25-13-34,42.44940840639174,-70.500050112605095,4.94
4/25/19,13:34:35,4.71,8.16,21.51,50450.0,10.43,100.2,1.53,-53.2,8.38,32.33,32280,-0.2,2019-04-25 13:34:35,2019-04-25-13-34,42.44940840639174,-70.500050112605095,4.94
4/25/19,13:34:40,5.15,8.18,14.86,50130.0,10.35,100.4,0.98,-54.3,8.34,32.16,32080,-0.2,2019-04-25 13:34:40,2019-04-25-13-34,42.44940840639174,-70.500050112605095,4.94
4/25/19,13:34:45,5.56,8.2,8.87,49940.0,10.31,100.9,0.66,-55.9,8.39,32.08,31960,-0.2,2019-04-25 13:34:45,2019-04-25-13-34,42.44940840639174,-70.500050112605095,4.94
4/25/19,13:34:50,6.08,8.22,3.74,49800.0,10.26,101.7,0.67,-56.7,8.41,32.04,31870,-0.2,2019-04-25 13:34:50,2019-04-25-13-34,42.44940840639174,-70.500050112605095,4.94
4/25/19,13:34:55,6.96,8.22,0.03,49700.0,10.11,102.3,0.35,-57.3,8.06,32.07,31810,-0.2,2019-04-25 13:34:55,2019-04-25-13-34,42.44940840639174,-70.500050112605095,4.94
4/25/19,13:59:00,7.08,8.34,0.29,45790.0,9.53,94.9,0.61,-64,8.26,29.3,29300,-0.2,2019-04-25 13:59:00,2019-04-25-13-59,42.437733504921198,-70.481873787939548,2.54
4/25/19,13:59:05,6.76,8.26,0.5,50090.0,9.41,94.9,0.5,-59.2,8.14,32.33,32060,-0.2,2019-04-25 13:59:05,2019-04-25-13-59,42.437733504921198,-70.481873787939548,2.54
4/25/19,13:59:10,6.73,8.24,0.62,50170.0,9.6,96.7,0.46,-58.4,8.16,32.38,32110,-0.3,2019-04-25 13:59:10,2019-04-25-13-59,42.437733504921198,-70.481873787939548,2.54
4/25/19,13:59:15,5.92,8.25,5.77,50030.0,9.86,97.4,0.83,-58.4,8.39,32.19,32020,-0.2,2019-04-25 13:59:15,2019-04-25-13-59,42.437733504921198,-70.481873787939548,2.54
4/25/19,13:59:20,5.81,8.25,11.1,50030.0,9.92,97.8,1.37,-58.4,8.23,32.17,32010,-0.3,2019-04-25 13:59:20,2019-04-25-13-59,42.437733504921198,-70.481873787939548,2.54
4/25/19,13:59:25,5.45,8.24,15.94,50050.0,10.12,98.8,1.11,-58,8.18,32.14,32030,-0.3,2019-04-25 13:59:25,2019-04-25-13-59,42.437733504921198,-70.481873787939548,2.54
4/25/19,13:59:30,4.67,8.21,21.38,50480.0,10.34,99.3,1.02,-56.2,8.43,32.35,32310,-0.2,2019-04-25 13:59:30,2019-04-25-13-59,42.437733504921198,-70.481873787939548,2.54
4/25/19,13:59:35,4.18,8.19,27.43,50720.0,10.46,99.3,1.1,-54.7,8.18,32.44,32460,-0.3,2019-04-25 13:59:35,2019-04-25-13-59,42.437733504921198,-70.481873787939548,2.54
4/25/19,13:59:40,4.18,8.18,29.11,50740.0,10.49,99.6,6.14,-54.3,8.19,32.46,32470,-0.3,2019-04-25 13:59:40,2019-04-25-13-59,42.437733504921198,-70.481873787939548,2.54
4/25/19,13:59:45,4.18,8.18,28.89,50750.0,10.53,99.9,0.82,-54.2,8.24,32.47,32480,-0.3,2019-04-25 13:59:45,2019-04-25-13-59,42.437733504921198,-70.481873787939548,2.54
4/25/19,13:59:50,4.19,8.18,27.27,50740.0,10.53,100,0.86,-54.1,8.26,32.46,32470,-0.3,2019-04-25 13:59:50,2019-04-25-13-59,42.437733504921198,-70.481873787939548,2.54
4/25/19,13:59:55,4.5,8.18,23.08,50620.0,10.41,99.6,0.92,-54.3,8.18,32.42,32400,-0.2,2019-04-25 13:59:55,2019-04-25-13-59,42.437733504921198,-70.481873787939548,2.54
4/25/19,14:00:00,4.71,8.2,19.33,50540.0,10.37,99.7,1.14,-55.5,8.38,32.4,32340,-0.3,2019-04-25 14:00:00,2019-04-25-14-00,42.436311598867178,-70.479202726855874,4.46
4/25/19,14:00:05,5.52,8.21,14.7,50190.0,10.21,100,1.1,-56.3,8.04,32.25,32120,-0.2,2019-04-25 14:00:05,2019-04-25-14-00,42.436311598867178,-70.479202726855874,4.46
4/25/19,14:00:10,5.8,8.24,10.61,50030.0,10.21,100.6,1.41,-57.9,8.31,32.17,32020,-0.3,2019-04-25 14:00:10,2019-04-25-14-00,42.436311598867178,-70.479202726855874,4.46
4/25/19,14:00:15,5.89,8.25,6.41,49990.0,10.6,104.7,0.95,-58.4,8.24,32.16,31990,-0.3,2019-04-25 14:00:15,2019-04-25-14-00,42.436311598867178,-70.479202726855874,4.46
4/25/19,14:00:20,6.42,8.25,1.94,50010.0,10.5,105,0.6,-58.5,8.06,32.23,32000,-0.3,2019-04-25 14:00:20,2019-04-25-14-00,42.436311598867178,-70.479202726855874,4.46
4/25/19,14:25:15,6.67,8.26,0.48,49850.0,9.12,91.6,0.77,-59.5,7.83,32.14,31900,-0.3,2019-04-25 14:25:15,2019-04-25-14-25,42.434330871328712,-70.472344737499952,9.75
4/25/19,14:25:20,6.65,8.25,0.59,49840.0,9.15,91.9,0.55,-58.7,8.13,32.13,31890,-0.2,2019-04-25 14:25:20,2019-04-25-14-25,42.434330871328712,-70.472344737499952,9.75
4/25/19,14:25:25,5.91,8.25,5.71,49960.0,9.39,92.8,0.98,-58.4,8.26,32.14,31970,-0.2,2019-04-25 14:25:25,2019-04-25-14-25,42.434330871328712,-70.472344737499952,9.75
4/25/19,14:25:30,5.42,8.24,11.09,50090.0,9.59,93.7,1.19,-58.1,8.16,32.17,32060,-0.2,2019-04-25 14:25:30,2019-04-25-14-25,42.434330871328712,-70.472344737499952,9.75
4/25/19,14:25:35,4.99,8.23,16.72,50390.0,9.75,94.3,2.01,-57.3,8.46,32.33,32250,-0.2,2019-04-25 14:25:35,2019-04-25-14-25,42.434330871328712,-70.472344737499952,9.75
4/25/19,14:25:40,4.76,8.2,23.19,50420.0,9.83,94.6,1.38,-55.7,8.44,32.31,32260,-0.2,2019-04-25 14:25:40,2019-04-25-14-25,42.434330871328712,-70.472344737499952,9.75
4/25/19,14:25:45,4.45,8.19,29.54,50580.0,9.94,94.9,1.02,-55,8.18,32.39,32370,-0.3,2019-04-25 14:25:45,2019-04-25-14-25,42.434330871328712,-70.472344737499952,9.75
4/25/19,14:25:50,4.39,8.18,34.65,50640.0,9.98,95.2,1.77,-54.3,8.33,32.42,32410,-0.2,2019-04-25 14:25:50,2019-04-25-14-25,42.434330871328712,-70.472344737499952,9.75
4/25/19,14:25:55,4.39,8.18,34.25,50660.0,10.01,95.5,2.79,-54.1,8.41,32.44,32420,-0.2,2019-04-25 14:25:55,2019-04-25-14-25,42.434330871328712,-70.472344737499952,9.75
4/25/19,14:26:00,4.4,8.18,34.16,50620.0,10.07,96.1,1.35,-54.1,8.26,32.41,32400,-0.2,2019-04-25 14:26:00,2019-04-25-14-26,42.432846184819937,-70.469786999747157,8.789999999999999
4/25/19,14:26:05,4.39,8.18,34.06,50580.0,10.12,96.5,1.13,-54.2,8.34,32.38,32370,-0.3,2019-04-25 14:26:05,2019-04-25-14-26,42.432846184819937,-70.469786999747157,8.789999999999999
4/25/19,14:26:10,4.39,8.18,32.21,50620.0,10.13,96.7,1.13,-54.2,8.24,32.41,32400,-0.2,2019-04-25 14:26:10,2019-04-25-14-26,42.432846184819937,-70.469786999747157,8.789999999999999
4/25/19,14:26:15,4.43,8.18,28.53,50560.0,10.15,96.9,1.34,-54.3,8.04,32.37,32360,-0.3,2019-04-25 14:26:15,2019-04-25-14-26,42.432846184819937,-70.469786999747157,8.789999999999999
4/25/19,14:26:20,4.58,8.19,24.67,50560.0,10.16,97.3,1.36,-54.8,8.26,32.39,32360,-0.2,2019-04-25 14:26:20,2019-04-25-14-26,42.432846184819937,-70.469786999747157,8.789999999999999
4/25/19,14:26:25,4.77,8.2,20.36,50460.0,10.14,97.6,1.8,-55.2,8.26,32.34,32290,-0.3,2019-04-25 14:26:25,2019-04-25-14-26,42.432846184819937,-70.469786999747157,8.789999999999999
4/25/19,14:26:30,4.93,8.2,16.21,50380.0,10.15,98,1.82,-55.6,8.16,32.31,32240,-0.3,2019-04-25 14:26:30,2019-04-25-14-26,42.432846184819937,-70.469786999747157,8.789999999999999
4/25/19,14:26:35,5.12,8.22,12.99,50290.0,10.16,98.5,1.87,-56.4,8.26,32.27,32190,-0.3,2019-04-25 14:26:35,2019-04-25-14-26,42.432846184819937,-70.469786999747157,8.789999999999999
4/25/19,14:26:40,5.45,8.24,9.27,50090.0,10.11,98.8,1.58,-57.6,8.28,32.18,32060,-0.2,2019-04-25 14:26:40,2019-04-25-14-26,42.432846184819937,-70.469786999747157,8.789999999999999
4/25/19,14:26:45,5.88,8.25,5.48,49970.0,10.11,99.7,1.86,-58.2,8.13,32.14,31980,-0.2,2019-04-25 14:26:45,2019-04-25-14-26,42.432846184819937,-70.469786999747157,8.789999999999999
4/25/19,14:26:50,6.27,8.25,1.92,49780.0,10.12,100.7,0.83,-58.5,8.29,32.05,31860,-0.3,2019-04-25 14:26:50,2019-04-25-14-26,42.432846184819937,-70.469786999747157,8.789999999999999
4/25/19,14:52:35,7.07,8.24,0.57,49420.0,9.47,95.9,0.71,-58.1,8.14,31.88,31630,-0.3,2019-04-25 14:52:35,2019-04-25-14-52,42.419604621827602,-70.450049545615911,5.42
4/25/19,14:52:40,6.97,8.24,0.55,49590.0,9.3,94,0.72,-58,8.09,31.99,31740,-0.2,2019-04-25 14:52:40,2019-04-25-14-52,42.419604621827602,-70.450049545615911,5.42
4/25/19,14:52:45,7.01,8.24,0.65,49650.0,9.44,95.6,0.6,-58.1,8.26,32.04,31780,-0.3,2019-04-25 14:52:45,2019-04-25-14-52,42.419604621827602,-70.450049545615911,5.42
4/25/19,14:52:50,6,8.25,4.96,49700.0,9.83,97.2,0.88,-58.3,8.23,31.96,31800,-0.3,2019-04-25 14:52:50,2019-04-25-14-52,42.419604621827602,-70.450049545615911,5.42
4/25/19,14:52:55,5.32,8.23,10.77,50130.0,9.97,97.1,1.23,-57.2,8.19,32.18,32080,-0.3,2019-04-25 14:52:55,2019-04-25-14-52,42.419604621827602,-70.450049545615911,5.42
4/25/19,14:53:00,4.82,8.21,16.37,50200.0,10.1,97.2,1.19,-56.2,8.09,32.16,32120,-0.2,2019-04-25 14:53:00,2019-04-25-14-53,42.418016754090786,-70.450729317963123,6.87
4/25/19,14:53:05,4.59,8.2,22.58,50350.0,10.16,97.3,1.36,-55.2,8.01,32.24,32220,-0.3,2019-04-25 14:53:05,2019-04-25-14-53,42.418016754090786,-70.450729317963123,6.87
4/25/19,14:53:10,4.45,8.19,29.71,50480.0,10.2,97.4,1.08,-54.8,8.19,32.31,32300,-0.3,2019-04-25 14:53:10,2019-04-25-14-53,42.418016754090786,-70.450729317963123,6.87
4/25/19,14:53:15,4.33,8.19,33.11,50510.0,10.24,97.5,2.55,-54.7,8.33,32.32,32330,-0.2,2019-04-25 14:53:15,2019-04-25-14-53,42.418016754090786,-70.450729317963123,6.87
4/25/19,14:53:20,4.33,8.19,32.8,50550.0,10.26,97.7,0.65,-54.7,8.16,32.35,32350,-0.2,2019-04-25 14:53:20,2019-04-25-14-53,42.418016754090786,-70.450729317963123,6.87
4/25/19,14:53:25,4.33,8.19,32.17,50530.0,10.29,97.9,0.86,-54.8,8.06,32.33,32340,-0.3,2019-04-25 14:53:25,2019-04-25-14-53,42.418016754090786,-70.450729317963123,6.87
4/25/19,14:53:30,4.46,8.19,29.96,50500.0,10.29,98.3,1.04,-54.9,8.08,32.33,32320,-0.3,2019-04-25 14:53:30,2019-04-25-14-53,42.418016754090786,-70.450729317963123,6.87
4/25/19,14:53:35,4.53,8.19,25.21,50450.0,10.33,98.8,1.31,-55,8.09,32.3,32290,-0.2,2019-04-25 14:53:35,2019-04-25-14-53,42.418016754090786,-70.450729317963123,6.87
4/25/19,14:53:40,4.61,8.2,21.94,50410.0,10.33,99,1.16,-55.3,8.08,32.29,32260,-0.3,2019-04-25 14:53:40,2019-04-25-14-53,42.418016754090786,-70.450729317963123,6.87
4/25/19,14:53:45,4.67,8.2,19.05,50340.0,10.37,99.5,1.49,-55.5,7.99,32.24,32210,-0.3,2019-04-25 14:53:45,2019-04-25-14-53,42.418016754090786,-70.450729317963123,6.87
4/25/19,14:53:50,4.82,8.2,15.86,50330.0,10.38,100,1.23,-55.6,8.11,32.26,32210,-0.2,2019-04-25 14:53:50,2019-04-25-14-53,42.418016754090786,-70.450729317963123,6.87
4/25/19,14:53:55,5.23,8.21,11.88,50160.0,10.31,100.2,1.3,-56.3,8.14,32.19,32100,-0.2,2019-04-25 14:53:55,2019-04-25-14-53,42.418016754090786,-70.450729317963123,6.87
4/25/19,14:54:00,5.33,8.23,9.13,50110.0,10.34,100.7,1.07,-57.4,8.14,32.17,32070,-0.2,2019-04-25 14:54:00,2019-04-25-14-54,42.416459815576673,-70.451608914881945,5.91
4/25/19,14:54:05,5.71,8.24,5.68,50010.0,10.31,101.4,1.01,-58,7.88,32.15,32000,-0.2,2019-04-25 14:54:05,2019-04-25-14-54,42.416459815576673,-70.451608914881945,5.91
4/25/19,14:54:10,6.32,8.25,2.23,49850.0,10.22,101.8,0.83,-58.6,8.24,32.11,31900,-0.3,2019-04-25 14:54:10,2019-04-25-14-54,42.416459815576673,-70.451608914881945,5.91
4/25/19,15:16:10,4.4,8.18,24.78,50650.0,10.32,98.5,1.09,-54.5,8.33,32.42,32410,-0.2,2019-04-25 15:16:10,2019-04-25-15-16,42.40514550358057,-70.456799156963825,5.42
4/25/19,15:16:15,4.14,8.17,30.64,50780.0,10.37,98.4,0.68,-53.6,8.18,32.48,32490,-0.2,2019-04-25 15:16:15,2019-04-25-15-16,42.40514550358057,-70.456799156963825,5.42
4/25/19,15:17:00,6.02,8.24,4.31,49530.0,10.32,102,1,-57.8,7.96,31.85,31700,-0.2,2019-04-25 15:17:00,2019-04-25-15-17,42.405053051188588,-70.456807622686028,5.91
4/25/19,15:17:05,6.72,8.24,0.32,49690.0,10.29,103.4,0.51,-58,8.24,32.03,31800,-0.2,2019-04-25 15:17:05,2019-04-25-15-17,42.405053051188588,-70.456807622686028,5.91
4/25/19,15:43:10,4.54,8.19,37.03,50390.0,10.32,98.7,6.9,-54.7,7.94,32.26,32250,-0.2,2019-04-25 15:43:10,2019-04-25-15-43,42.405252205207944,-70.433960733935237,1.58
4/25/19,15:43:15,4.54,8.19,36.98,50410.0,10.34,98.9,1.72,-54.7,8.08,32.28,32260,-0.2,2019-04-25 15:43:15,2019-04-25-15-43,42.405252205207944,-70.433960733935237,1.58
4/25/19,15:43:20,4.54,8.19,34.66,50410.0,10.34,98.9,1.09,-54.8,8.18,32.28,32260,-0.3,2019-04-25 15:43:20,2019-04-25-15-43,42.405252205207944,-70.433960733935237,1.58
4/25/19,15:43:25,4.57,8.19,30.55,50370.0,10.34,99,1.38,-54.8,7.93,32.26,32240,-0.2,2019-04-25 15:43:25,2019-04-25-15-43,42.405252205207944,-70.433960733935237,1.58
4/25/19,15:43:30,4.59,8.19,26.98,50360.0,10.34,99,1.46,-55,8.16,32.25,32230,-0.2,2019-04-25 15:43:30,2019-04-25-15-43,42.405252205207944,-70.433960733935237,1.58
4/25/19,15:43:35,4.64,8.19,22.66,50370.0,10.34,99.2,1.12,-55.1,8.13,32.27,32240,-0.2,2019-04-25 15:43:35,2019-04-25-15-43,42.405252205207944,-70.433960733935237,1.58
4/25/19,15:43:40,4.69,8.2,18.57,50320.0,10.34,99.2,1.69,-55.2,8.26,32.24,32200,-0.2,2019-04-25 15:43:40,2019-04-25-15-43,42.405252205207944,-70.433960733935237,1.58
4/25/19,15:43:45,4.74,8.2,14.36,50360.0,10.34,99.3,1.44,-55.4,8.21,32.27,32230,-0.2,2019-04-25 15:43:45,2019-04-25-15-43,42.405252205207944,-70.433960733935237,1.58
4/25/19,15:43:50,4.93,8.2,10.8,50170.0,10.3,99.4,1.22,-55.6,8.26,32.16,32110,-0.2,2019-04-25 15:43:50,2019-04-25-15-43,42.405252205207944,-70.433960733935237,1.58
4/25/19,15:43:55,5.48,8.22,7.24,50020.0,10.19,99.6,1.38,-56.9,8.23,32.13,32010,-0.2,2019-04-25 15:43:55,2019-04-25-15-43,42.405252205207944,-70.433960733935237,1.58
4/25/19,15:44:00,6.42,8.24,3.62,49750.0,10.34,103.2,0.94,-57.9,8.18,32.05,31840,-0.2,2019-04-25 15:44:00,2019-04-25-15-44,42.405453035607934,-70.432473449036479,1.1
04/29/19,11:40:30,6.62,8.25,0.34,49440.0,9.44,94.6,1.00,-58.9,9.04,31.85,31640,-0.3,2019-04-29 11:40:30,2019-04-29-11-40,42.202536296099424,-70.71371546946466,5.91
04/29/19,11:40:35,6.54,8.19,2.93,49530.0,9.54,95.5,0.61,-55.1,9.09,31.90,31700,-0.2,2019-04-29 11:40:35,2019-04-29-11-40,42.202536296099424,-70.71371546946466,5.91
04/29/19,11:40:40,6.16,8.17,8.41,49640.0,9.72,96.4,1.21,-53.9,9.08,31.93,31760,-0.2,2019-04-29 11:40:40,2019-04-29-11-40,42.202536296099424,-70.71371546946466,5.91
04/29/19,11:40:45,6.02,8.16,14.79,49640.0,9.92,98.1,3.36,-53.3,9.04,31.92,31770,-0.3,2019-04-29 11:40:45,2019-04-29-11-40,42.202536296099424,-70.71371546946466,5.91
04/29/19,11:40:50,5.95,8.14,21.59,49710.0,10.08,99.5,3.56,-52.4,9.09,31.96,31810,-0.2,2019-04-29 11:40:50,2019-04-29-11-40,42.202536296099424,-70.71371546946466,5.91
04/29/19,11:40:55,5.88,8.13,28.20,49770.0,10.15,100.1,3.08,-51.6,9.13,32.00,31850,-0.2,2019-04-29 11:40:55,2019-04-29-11-40,42.202536296099424,-70.71371546946466,5.91
04/29/19,11:41:00,5.87,8.12,33.43,49720.0,10.24,100.9,2.17,-51.3,9.09,31.96,31820,-0.3,2019-04-29 11:41:00,2019-04-29-11-41,42.202355163171887,-70.711024710908532,5.91
04/29/19,11:41:05,5.88,8.12,33.17,49850.0,10.36,102.2,1.59,-51.2,9.09,32.05,31900,-0.2,2019-04-29 11:41:05,2019-04-29-11-41,42.202355163171887,-70.711024710908532,5.91
04/29/19,11:41:10,5.88,8.12,32.62,49800.0,10.44,102.9,1.92,-51.2,9.13,32.02,31870,-0.3,2019-04-29 11:41:10,2019-04-29-11-41,42.202355163171887,-70.711024710908532,5.91
04/29/19,11:41:15,5.89,8.12,27.63,49800.0,10.55,104.0,3.17,-51.3,9.03,32.02,31870,-0.2,2019-04-29 11:41:15,2019-04-29-11-41,42.202355163171887,-70.711024710908532,5.91
04/29/19,11:41:20,5.93,8.13,22.00,49770.0,10.60,104.6,3.13,-51.6,9.08,32.01,31850,-0.2,2019-04-29 11:41:20,2019-04-29-11-41,42.202355163171887,-70.711024710908532,5.91
04/29/19,11:41:25,5.96,8.14,17.21,49760.0,10.62,104.9,5.38,-52.1,9.11,32.00,31850,-0.2,2019-04-29 11:41:25,2019-04-29-11-41,42.202355163171887,-70.711024710908532,5.91
04/29/19,11:41:30,6.04,8.15,12.16,49680.0,10.65,105.3,2.85,-52.8,9.01,31.96,31800,-0.3,2019-04-29 11:41:30,2019-04-29-11-41,42.202355163171887,-70.711024710908532,5.91
04/29/19,11:41:35,6.14,8.15,7.36,49660.0,10.66,105.7,1.54,-53.2,9.09,31.95,31780,-0.2,2019-04-29 11:41:35,2019-04-29-11-41,42.202355163171887,-70.711024710908532,5.91
04/29/19,11:41:40,6.39,8.16,2.06,49650.0,10.63,106.0,1.77,-53.4,9.13,31.97,31770,-0.2,2019-04-29 11:41:40,2019-04-29-11-41,42.202355163171887,-70.711024710908532,5.91
04/29/19,11:41:45,6.52,8.17,0.23,48800.0,10.69,106.6,-3.83,-54.0,9.08,31.38,31230,-0.2,2019-04-29 11:41:45,2019-04-29-11-41,42.202355163171887,-70.711024710908532,5.91
04/29/19,12:27:40,7.16,8.19,2.22,49470.0,8.90,90.3,0.76,-55.6,9.03,31.93,31660,-0.2,2019-04-29 12:27:40,2019-04-29-12-27,42.200642991811037,-70.545759648084641,8.789999999999999
04/29/19,12:27:45,6.86,8.18,8.47,49650.0,9.09,91.7,1.11,-54.7,9.11,32.02,31770,-0.2,2019-04-29 12:27:45,2019-04-29-12-27,42.200642991811037,-70.545759648084641,8.789999999999999
04/29/19,12:27:50,6.63,8.17,14.86,49760.0,9.22,92.6,1.05,-54.2,9.06,32.08,31840,-0.2,2019-04-29 12:27:50,2019-04-29-12-27,42.200642991811037,-70.545759648084641,8.789999999999999
04/29/19,12:27:55,5.50,8.15,21.10,50130.0,9.59,93.8,1.12,-53.0,8.93,32.21,32080,-0.2,2019-04-29 12:27:55,2019-04-29-12-27,42.200642991811037,-70.545759648084641,8.789999999999999
04/29/19,12:28:00,5.46,8.14,23.03,50220.0,9.67,94.5,1.78,-52.5,9.18,32.26,32140,-0.2,2019-04-29 12:28:00,2019-04-29-12-28,42.200945327058434,-70.54212081246078,9.75
04/29/19,12:28:05,5.46,8.14,22.74,50200.0,9.71,94.9,0.93,-52.4,9.06,32.25,32130,-0.2,2019-04-29 12:28:05,2019-04-29-12-28,42.200945327058434,-70.54212081246078,9.75
04/29/19,12:28:10,5.47,8.14,21.64,50160.0,9.80,95.8,1.08,-52.3,9.06,32.22,32100,-0.2,2019-04-29 12:28:10,2019-04-29-12-28,42.200945327058434,-70.54212081246078,9.75
04/29/19,12:28:15,6.09,8.14,16.06,50100.0,9.83,97.6,0.89,-52.4,9.08,32.26,32060,-0.2,2019-04-29 12:28:15,2019-04-29-12-28,42.200945327058434,-70.54212081246078,9.75
04/29/19,12:28:20,6.81,8.16,10.92,49720.0,9.85,99.3,1.02,-53.6,9.16,32.06,31820,-0.2,2019-04-29 12:28:20,2019-04-29-12-28,42.200945327058434,-70.54212081246078,9.75
04/29/19,12:28:25,6.89,8.17,6.47,49690.0,9.92,100.2,1.65,-54.0,9.13,32.05,31800,-0.2,2019-04-29 12:28:25,2019-04-29-12-28,42.200945327058434,-70.54212081246078,9.75
04/29/19,12:28:30,7.37,8.17,1.44,49760.0,9.98,102.0,0.58,-54.1,9.09,32.15,31850,-0.2,2019-04-29 12:28:30,2019-04-29-12-28,42.200945327058434,-70.54212081246078,9.75
04/29/19,12:59:40,7.12,8.22,1.46,49900.0,8.84,89.9,0.69,-57.0,9.11,32.23,31940,-0.2,2019-04-29 12:59:40,2019-04-29-12-59,42.202730672433972,-70.432845773175359,9.27
04/29/19,12:59:45,6.34,8.22,8.26,49770.0,9.10,90.7,1.47,-56.7,9.16,32.05,31850,-0.2,2019-04-29 12:59:45,2019-04-29-12-59,42.202730672433972,-70.432845773175359,9.27
04/29/19,12:59:50,6.25,8.21,13.80,50000.0,9.31,92.7,2.57,-56.2,9.11,32.20,32000,-0.2,2019-04-29 12:59:50,2019-04-29-12-59,42.202730672433972,-70.432845773175359,9.27
04/29/19,12:59:55,5.03,8.17,19.70,50350.0,9.71,94.0,2.04,-53.6,9.13,32.30,32220,-0.2,2019-04-29 12:59:55,2019-04-29-12-59,42.202730672433972,-70.432845773175359,9.27
04/29/19,13:00:00,4.96,8.14,23.92,50340.0,9.76,94.3,1.22,-52.4,9.06,32.29,32210,-0.2,2019-04-29 13:00:00,2019-04-29-13-00,42.20272421836853,-70.42933308519423,10.23
04/29/19,13:00:05,4.96,8.14,23.91,50370.0,9.82,94.9,1.27,-52.2,9.06,32.31,32240,-0.2,2019-04-29 13:00:05,2019-04-29-13-00,42.20272421836853,-70.42933308519423,10.23
04/29/19,13:00:10,4.97,8.14,21.66,50370.0,9.88,95.5,1.43,-52.1,9.11,32.31,32230,-0.2,2019-04-29 13:00:10,2019-04-29-13-00,42.20272421836853,-70.42933308519423,10.23
04/29/19,13:00:15,5.11,8.14,17.53,50250.0,9.93,96.3,1.49,-52.3,9.11,32.24,32160,-0.2,2019-04-29 13:00:15,2019-04-29-13-00,42.20272421836853,-70.42933308519423,10.23
04/29/19,13:00:20,6.26,8.17,12.37,49830.0,9.79,97.5,1.35,-54.2,9.09,32.09,31890,-0.2,2019-04-29 13:00:20,2019-04-29-13-00,42.20272421836853,-70.42933308519423,10.23
04/29/19,13:00:25,6.34,8.21,7.45,49600.0,9.93,98.9,1.62,-56.1,9.11,31.93,31740,-0.2,2019-04-29 13:00:25,2019-04-29-13-00,42.20272421836853,-70.42933308519423,10.23
04/29/19,13:00:30,6.82,8.21,2.25,49410.0,9.91,99.7,1.42,-56.5,9.13,31.85,31620,-0.2,2019-04-29 13:00:30,2019-04-29-13-00,42.20272421836853,-70.42933308519423,10.23
04/29/19,13:00:35,7.16,8.20,0.42,49530.0,10.01,101.6,-0.56,-56.2,8.93,31.97,31700,-0.2,2019-04-29 13:00:35,2019-04-29-13-00,42.20272421836853,-70.42933308519423,10.23
04/29/19,13:25:30,6.92,8.30,0.37,49730.0,8.75,88.4,1.45,-61.6,9.08,32.09,31830,-0.2,2019-04-29 13:25:30,2019-04-29-13-25,42.194559071213007,-70.354570699855685,10.23
04/29/19,13:25:35,6.89,8.25,0.43,49620.0,8.82,89.0,0.55,-58.5,9.13,32.00,31760,-0.2,2019-04-29 13:25:35,2019-04-29-13-25,42.194559071213007,-70.354570699855685,10.23
04/29/19,13:25:40,6.58,8.22,0.73,49570.0,9.06,90.8,1.88,-57.2,9.06,31.94,31720,-0.2,2019-04-29 13:25:40,2019-04-29-13-25,42.194559071213007,-70.354570699855685,10.23
04/29/19,13:25:45,6.15,8.23,8.04,49610.0,9.29,92.1,1.67,-57.3,9.09,31.91,31750,-0.2,2019-04-29 13:25:45,2019-04-29-13-25,42.194559071213007,-70.354570699855685,10.23
04/29/19,13:25:50,5.84,8.23,14.95,49780.0,9.52,93.7,5.22,-57.2,9.13,32.00,31860,-0.3,2019-04-29 13:25:50,2019-04-29-13-25,42.194559071213007,-70.354570699855685,10.23
04/29/19,13:25:55,5.00,8.21,20.67,50260.0,9.77,94.5,5.75,-56.3,9.06,32.24,32160,-0.2,2019-04-29 13:25:55,2019-04-29-13-25,42.194559071213007,-70.354570699855685,10.23
04/29/19,13:26:00,4.49,8.14,25.50,50650.0,9.97,95.3,2.21,-51.8,9.08,32.44,32410,-0.2,2019-04-29 13:26:00,2019-04-29-13-26,42.194444742053747,-70.354079268872738,8.789999999999999
04/29/19,13:26:05,4.50,8.12,27.31,50620.0,10.01,95.8,1.47,-51.1,9.08,32.42,32390,-0.2,2019-04-29 13:26:05,2019-04-29-13-26,42.194444742053747,-70.354079268872738,8.789999999999999
04/29/19,13:26:10,4.50,8.12,27.12,50640.0,10.09,96.5,2.16,-51.0,9.11,32.43,32410,-0.2,2019-04-29 13:26:10,2019-04-29-13-26,42.194444742053747,-70.354079268872738,8.789999999999999
04/29/19,13:26:15,4.50,8.12,25.33,50640.0,10.20,97.6,3.29,-50.9,9.01,32.43,32410,-0.2,2019-04-29 13:26:15,2019-04-29-13-26,42.194444742053747,-70.354079268872738,8.789999999999999
04/29/19,13:26:20,4.85,8.12,20.45,50450.0,10.18,98.2,3.07,-51.1,9.04,32.35,32290,-0.2,2019-04-29 13:26:20,2019-04-29-13-26,42.194444742053747,-70.354079268872738,8.789999999999999
04/29/19,13:26:25,5.77,8.18,15.87,49890.0,10.01,98.5,6.78,-54.6,8.98,32.07,31920,-0.3,2019-04-29 13:26:25,2019-04-29-13-26,42.194444742053747,-70.354079268872738,8.789999999999999
04/29/19,13:26:30,6.01,8.21,11.16,49710.0,10.07,99.6,3.41,-56.2,9.03,31.97,31810,-0.2,2019-04-29 13:26:30,2019-04-29-13-26,42.194444742053747,-70.354079268872738,8.789999999999999
04/29/19,13:26:35,6.19,8.22,6.42,49670.0,10.18,101.1,1.93,-56.8,9.08,31.96,31780,-0.2,2019-04-29 13:26:35,2019-04-29-13-26,42.194444742053747,-70.354079268872738,8.789999999999999
04/29/19,13:26:40,6.38,8.22,2.23,49660.0,10.22,101.9,0.78,-56.9,9.09,31.98,31780,-0.2,2019-04-29 13:26:40,2019-04-29-13-26,42.194444742053747,-70.354079268872738,8.789999999999999
04/29/19,13:26:45,6.84,8.21,0.22,28030.0,11.35,103.7,-4.42,-56.7,9.01,17.10,17940,-0.2,2019-04-29 13:26:45,2019-04-29-13-26,42.194444742053747,-70.354079268872738,8.789999999999999
04/29/19,13:51:15,7.66,8.21,0.55,49600.0,9.63,99.0,1.40,-56.8,9.08,32.06,31740,-0.2,2019-04-29 13:51:15,2019-04-29-13-51,42.18804432079196,-70.337864644825459,8.789999999999999
04/29/19,13:51:20,7.49,8.22,1.66,49770.0,8.91,91.2,2.03,-57.1,9.01,32.17,31850,-0.2,2019-04-29 13:51:20,2019-04-29-13-51,42.18804432079196,-70.337864644825459,8.789999999999999
04/29/19,13:51:25,6.17,8.24,7.85,49650.0,9.28,92.0,1.48,-57.9,9.09,31.94,31770,-0.2,2019-04-29 13:51:25,2019-04-29-13-51,42.18804432079196,-70.337864644825459,8.789999999999999
04/29/19,13:51:30,5.75,8.25,14.33,49860.0,9.44,92.8,5.21,-58.2,9.08,32.05,31910,-0.2,2019-04-29 13:51:30,2019-04-29-13-51,42.18804432079196,-70.337864644825459,8.789999999999999
04/29/19,13:51:35,4.71,8.19,20.29,50360.0,9.78,94.0,3.82,-55.1,9.04,32.27,32230,-0.2,2019-04-29 13:51:35,2019-04-29-13-51,42.18804432079196,-70.337864644825459,8.789999999999999
04/29/19,13:51:40,4.59,8.18,25.90,50510.0,9.87,94.5,6.16,-54.3,9.11,32.35,32320,-0.2,2019-04-29 13:51:40,2019-04-29-13-51,42.18804432079196,-70.337864644825459,8.789999999999999
04/29/19,13:51:45,4.58,8.18,26.93,50490.0,9.90,94.8,2.59,-54.2,9.09,32.34,32310,-0.2,2019-04-29 13:51:45,2019-04-29-13-51,42.18804432079196,-70.337864644825459,8.789999999999999
04/29/19,13:51:50,4.58,8.18,26.96,50550.0,9.96,95.4,9.31,-54.4,9.01,32.38,32350,-0.2,2019-04-29 13:51:50,2019-04-29-13-51,42.18804432079196,-70.337864644825459,8.789999999999999
04/29/19,13:51:55,4.60,8.18,24.26,50490.0,10.06,96.4,10.91,-54.5,9.09,32.34,32310,-0.2,2019-04-29 13:51:55,2019-04-29-13-51,42.18804432079196,-70.337864644825459,8.789999999999999
04/29/19,13:52:00,4.66,8.19,19.60,50480.0,10.10,96.9,3.30,-54.8,9.01,32.35,32310,-0.2,2019-04-29 13:52:00,2019-04-29-13-52,42.188057815656066,-70.337453680112958,6.39
04/29/19,13:52:05,5.23,8.21,14.34,50220.0,10.06,97.8,3.43,-55.8,8.98,32.24,32140,-0.2,2019-04-29 13:52:05,2019-04-29-13-52,42.188057815656066,-70.337453680112958,6.39
04/29/19,13:52:10,6.04,8.25,9.73,49720.0,10.02,99.1,3.14,-58.8,9.03,31.98,31820,-0.2,2019-04-29 13:52:10,2019-04-29-13-52,42.188057815656066,-70.337453680112958,6.39
04/29/19,13:52:15,6.18,8.27,4.67,49690.0,10.07,99.9,1.64,-59.7,9.03,31.97,31800,-0.2,2019-04-29 13:52:15,2019-04-29-13-52,42.188057815656066,-70.337453680112958,6.39
04/29/19,13:52:20,7.00,8.27,0.27,49520.0,10.04,101.6,0.15,-59.7,9.01,31.95,31690,-0.3,2019-04-29 13:52:20,2019-04-29-13-52,42.188057815656066,-70.337453680112958,6.39
04/29/19,14:20:10,7.18,8.22,0.59,49520.0,9.80,99.5,0.81,-57.2,9.11,31.96,31690,-0.2,2019-04-29 14:20:10,2019-04-29-14-20,42.174617182463408,-70.31005441211164,8.310000000000001
04/29/19,14:20:15,6.50,8.22,3.31,50300.0,9.78,98.1,0.88,-57.2,9.09,32.44,32190,-0.2,2019-04-29 14:20:15,2019-04-29-14-20,42.174617182463408,-70.31005441211164,8.310000000000001
04/29/19,14:20:20,5.91,8.23,10.21,49860.0,9.97,98.4,2.69,-57.5,9.08,32.06,31910,-0.2,2019-04-29 14:20:20,2019-04-29-14-20,42.174617182463408,-70.31005441211164,8.310000000000001
04/29/19,14:20:25,4.90,8.21,16.97,50400.0,10.28,99.2,9.65,-56.2,9.01,32.32,32260,-0.2,2019-04-29 14:20:25,2019-04-29-14-20,42.174617182463408,-70.31005441211164,8.310000000000001
04/29/19,14:20:30,4.46,8.17,23.54,50640.0,10.42,99.6,4.87,-54.0,9.09,32.43,32410,-0.2,2019-04-29 14:20:30,2019-04-29-14-20,42.174617182463408,-70.31005441211164,8.310000000000001
04/29/19,14:20:35,4.34,8.15,29.88,50680.0,10.46,99.7,2.58,-52.3,9.09,32.44,32430,-0.2,2019-04-29 14:20:35,2019-04-29-14-20,42.174617182463408,-70.31005441211164,8.310000000000001
04/29/19,14:20:40,4.34,8.14,31.36,50730.0,10.45,99.6,3.15,-52.0,9.04,32.48,32470,-0.2,2019-04-29 14:20:40,2019-04-29-14-20,42.174617182463408,-70.31005441211164,8.310000000000001
04/29/19,14:20:45,4.35,8.14,31.14,50710.0,10.45,99.7,9.48,-52.1,9.08,32.46,32450,-0.2,2019-04-29 14:20:45,2019-04-29-14-20,42.174617182463408,-70.31005441211164,8.310000000000001
04/29/19,14:20:50,4.36,8.14,26.86,50750.0,10.45,99.7,5.77,-52.1,9.08,32.49,32480,-0.2,2019-04-29 14:20:50,2019-04-29-14-20,42.174617182463408,-70.31005441211164,8.310000000000001
04/29/19,14:20:55,4.52,8.15,21.01,50560.0,10.44,99.8,2.72,-52.6,9.03,32.38,32350,-0.2,2019-04-29 14:20:55,2019-04-29-14-20,42.174617182463408,-70.31005441211164,8.310000000000001
04/29/19,14:21:00,4.85,8.18,15.64,50320.0,10.37,100.0,6.40,-54.5,9.08,32.26,32200,-0.2,2019-04-29 14:21:00,2019-04-29-14-21,42.174543086439371,-70.309655433520675,6.87
04/29/19,14:21:05,5.60,8.21,10.69,49790.0,10.22,100.1,5.59,-56.5,9.08,31.98,31870,-0.2,2019-04-29 14:21:05,2019-04-29-14-21,42.174543086439371,-70.309655433520675,6.87
04/29/19,14:21:10,6.07,8.24,5.50,49760.0,10.18,100.8,1.95,-58.0,9.01,32.01,31840,-0.2,2019-04-29 14:21:10,2019-04-29-14-21,42.174543086439371,-70.309655433520675,6.87
04/29/19,14:21:15,6.85,8.24,2.03,49670.0,10.57,106.7,1.73,-58.3,9.08,32.03,31790,-0.2,2019-04-29 14:21:15,2019-04-29-14-21,42.174543086439371,-70.309655433520675,6.87
04/29/19,14:53:40,7.08,8.19,0.66,49630.0,8.98,91.1,0.90,-55.6,9.04,32.03,31760,-0.2,2019-04-29 14:53:40,2019-04-29-14-53,42.178028952330351,-70.244730468839407,4.46
04/29/19,14:53:45,6.38,8.20,2.28,49440.0,9.24,92.0,0.80,-55.9,9.13,31.82,31640,-0.2,2019-04-29 14:53:45,2019-04-29-14-53,42.178028952330351,-70.244730468839407,4.46
04/29/19,14:53:50,5.60,8.21,9.27,49780.0,9.49,93.0,3.23,-56.4,9.08,31.97,31850,-0.2,2019-04-29 14:53:50,2019-04-29-14-53,42.178028952330351,-70.244730468839407,4.46
04/29/19,14:53:55,4.81,8.16,15.63,50440.0,9.69,93.3,4.49,-53.3,9.01,32.33,32280,-0.2,2019-04-29 14:53:55,2019-04-29-14-53,42.178028952330351,-70.244730468839407,4.46
04/29/19,14:54:00,4.77,8.14,20.84,50530.0,9.76,94.0,2.70,-52.4,9.08,32.40,32340,-0.2,2019-04-29 14:54:00,2019-04-29-14-54,42.178353080525994,-70.24152179248631,7.83
04/29/19,14:54:05,4.74,8.14,25.67,50520.0,9.84,94.6,2.72,-52.2,9.06,32.38,32330,-0.2,2019-04-29 14:54:05,2019-04-29-14-54,42.178353080525994,-70.24152179248631,7.83
04/29/19,14:54:10,4.71,8.14,30.30,50590.0,9.87,94.9,4.82,-52.1,9.03,32.43,32370,-0.2,2019-04-29 14:54:10,2019-04-29-14-54,42.178353080525994,-70.24152179248631,7.83
04/29/19,14:54:15,4.71,8.14,30.15,50570.0,9.97,95.9,3.63,-52.2,9.06,32.42,32360,-0.2,2019-04-29 14:54:15,2019-04-29-14-54,42.178353080525994,-70.24152179248631,7.83
04/29/19,14:54:20,4.72,8.15,30.11,50620.0,10.08,97.0,7.17,-52.4,9.01,32.45,32390,-0.2,2019-04-29 14:54:20,2019-04-29-14-54,42.178353080525994,-70.24152179248631,7.83
04/29/19,14:54:25,4.72,8.15,26.15,50560.0,10.13,97.4,3.52,-52.5,9.01,32.41,32350,-0.2,2019-04-29 14:54:25,2019-04-29-14-54,42.178353080525994,-70.24152179248631,7.83
04/29/19,14:54:30,4.76,8.15,22.05,50510.0,10.22,98.3,4.73,-52.8,9.06,32.38,32330,-0.2,2019-04-29 14:54:30,2019-04-29-14-54,42.178353080525994,-70.24152179248631,7.83
04/29/19,14:54:35,4.79,8.16,17.11,50510.0,10.28,99.0,5.25,-53.2,8.84,32.39,32330,-0.2,2019-04-29 14:54:35,2019-04-29-14-54,42.178353080525994,-70.24152179248631,7.83
04/29/19,14:54:40,4.90,8.17,12.58,50440.0,10.29,99.3,4.23,-53.7,8.99,32.35,32280,-0.2,2019-04-29 14:54:40,2019-04-29-14-54,42.178353080525994,-70.24152179248631,7.83
04/29/19,14:54:45,5.54,8.21,8.82,50000.0,10.21,99.9,4.50,-56.1,9.08,32.12,32000,-0.2,2019-04-29 14:54:45,2019-04-29-14-54,42.178353080525994,-70.24152179248631,7.83
04/29/19,14:54:50,5.96,8.23,6.63,49930.0,10.16,100.4,2.01,-57.6,9.08,32.12,31950,-0.2,2019-04-29 14:54:50,2019-04-29-14-54,42.178353080525994,-70.24152179248631,7.83
04/29/19,14:54:55,6.10,8.25,3.48,49810.0,10.24,101.5,2.68,-58.4,9.03,32.05,31880,-0.2,2019-04-29 14:54:55,2019-04-29-14-54,42.178353080525994,-70.24152179248631,7.83
04/29/19,14:55:00,6.19,8.25,1.23,49740.0,10.35,102.8,1.11,-58.7,9.03,32.01,31830,-0.2,2019-04-29 14:55:00,2019-04-29-14-55,42.178435726091266,-70.239913892000914,7.35
04/29/19,15:14:20,7.67,8.22,0.74,49630.0,9.79,100.7,0.52,-57.3,9.06,32.09,31760,-0.2,2019-04-29 15:14:20,2019-04-29-15-14,42.179190684109926,-70.214673718437552,3.98
04/29/19,15:14:25,6.16,8.24,7.65,49700.0,10.13,100.5,1.43,-58.1,9.03,31.98,31810,-0.3,2019-04-29 15:14:25,2019-04-29-15-14,42.179190684109926,-70.214673718437552,3.98
04/29/19,15:14:30,5.96,8.24,14.31,49790.0,10.22,100.9,4.88,-58.2,9.01,32.02,31860,-0.2,2019-04-29 15:14:30,2019-04-29-15-14,42.179190684109926,-70.214673718437552,3.98
04/29/19,15:14:35,4.79,8.22,20.39,50400.0,10.53,101.4,4.67,-56.8,9.04,32.31,32260,-0.2,2019-04-29 15:14:35,2019-04-29-15-14,42.179190684109926,-70.214673718437552,3.98
04/29/19,15:14:40,4.52,8.16,26.45,50600.0,10.59,101.4,4.06,-53.4,9.06,32.41,32380,-0.2,2019-04-29 15:14:40,2019-04-29-15-14,42.179190684109926,-70.214673718437552,3.98
04/29/19,15:14:45,4.48,8.15,32.09,50600.0,10.58,101.2,2.37,-52.8,9.01,32.41,32380,-0.2,2019-04-29 15:14:45,2019-04-29-15-14,42.179190684109926,-70.214673718437552,3.98
04/29/19,15:14:50,4.46,8.15,32.66,50660.0,10.56,101.0,1.67,-52.6,9.04,32.44,32420,-0.2,2019-04-29 15:14:50,2019-04-29-15-14,42.179190684109926,-70.214673718437552,3.98
04/29/19,15:14:55,4.46,8.15,32.48,50600.0,10.56,101.0,1.91,-52.6,9.04,32.40,32390,-0.2,2019-04-29 15:14:55,2019-04-29-15-14,42.179190684109926,-70.214673718437552,3.98
04/29/19,15:15:00,4.46,8.15,31.54,50640.0,10.54,100.8,3.18,-52.7,9.03,32.43,32410,-0.3,2019-04-29 15:15:00,2019-04-29-15-15,42.179539455100894,-70.211123060435057,4.46
04/29/19,15:15:05,4.48,8.15,28.08,50570.0,10.48,100.1,2.01,-52.8,9.08,32.39,32370,-0.2,2019-04-29 15:15:05,2019-04-29-15-15,42.179539455100894,-70.211123060435057,4.46
04/29/19,15:15:10,4.55,8.16,23.50,50530.0,10.45,100.1,2.68,-53.1,9.03,32.36,32340,-0.3,2019-04-29 15:15:10,2019-04-29-15-15,42.179539455100894,-70.211123060435057,4.46
04/29/19,15:15:15,4.82,8.17,19.33,50350.0,10.37,99.8,4.16,-53.9,9.01,32.27,32220,-0.2,2019-04-29 15:15:15,2019-04-29-15-15,42.179539455100894,-70.211123060435057,4.46
04/29/19,15:15:20,5.67,8.22,15.81,49850.0,10.19,100.0,4.50,-56.9,9.03,32.03,31900,-0.2,2019-04-29 15:15:20,2019-04-29-15-15,42.179539455100894,-70.211123060435057,4.46
04/29/19,15:15:25,6.06,8.25,10.97,49700.0,10.13,100.3,4.53,-58.6,9.04,31.97,31810,-0.2,2019-04-29 15:15:25,2019-04-29-15-15,42.179539455100894,-70.211123060435057,4.46
04/29/19,15:15:30,6.15,8.26,6.26,49660.0,10.58,104.9,2.57,-59.2,8.96,31.95,31780,-0.2,2019-04-29 15:15:30,2019-04-29-15-15,42.179539455100894,-70.211123060435057,4.46
04/29/19,15:15:35,6.54,8.26,2.56,49340.0,10.64,106.4,2.25,-59.4,9.03,31.77,31580,-0.2,2019-04-29 15:15:35,2019-04-29-15-15,42.179539455100894,-70.211123060435057,4.46
04/29/19,15:15:40,7.67,8.25,0.16,49070.0,10.47,107.4,0.32,-58.9,9.01,31.69,31410,-0.2,2019-04-29 15:15:40,2019-04-29-15-15,42.179539455100894,-70.211123060435057,4.46
04/29/19,15:43:50,7.16,8.22,1.26,49540.0,9.57,97.2,0.88,-56.9,8.89,31.97,31700,-0.2,2019-04-29 15:43:50,2019-04-29-15-43,42.18282625079155,-70.170088112354279,6.87
04/29/19,15:43:55,6.10,8.22,7.85,49730.0,9.89,98.0,2.01,-57.0,9.03,32.00,31830,-0.3,2019-04-29 15:43:55,2019-04-29-15-43,42.18282625079155,-70.170088112354279,6.87
04/29/19,15:44:00,5.81,8.24,13.55,49750.0,10.00,98.4,3.83,-58.2,8.99,31.98,31840,-0.2,2019-04-29 15:44:00,2019-04-29-15-44,42.182770008221269,-70.169631633907557,11.19
04/29/19,15:44:05,5.44,8.23,19.40,50030.0,10.17,99.3,3.78,-57.3,8.96,32.13,32020,-0.2,2019-04-29 15:44:05,2019-04-29-15-44,42.182770008221269,-70.169631633907557,11.19
04/29/19,15:44:10,4.79,8.20,24.43,50370.0,10.37,99.8,2.39,-55.2,8.89,32.29,32240,-0.2,2019-04-29 15:44:10,2019-04-29-15-44,42.182770008221269,-70.169631633907557,11.19
04/29/19,15:44:15,4.58,8.17,29.96,50440.0,10.43,99.9,4.70,-53.9,8.86,32.31,32280,-0.2,2019-04-29 15:44:15,2019-04-29-15-44,42.182770008221269,-70.169631633907557,11.19
04/29/19,15:44:20,4.55,8.17,33.06,50490.0,10.44,99.9,14.24,-53.6,8.94,32.34,32310,-0.2,2019-04-29 15:44:20,2019-04-29-15-44,42.182770008221269,-70.169631633907557,11.19
04/29/19,15:44:25,4.55,8.17,32.66,50520.0,10.48,100.4,2.99,-53.6,8.93,32.35,32330,-0.2,2019-04-29 15:44:25,2019-04-29-15-44,42.182770008221269,-70.169631633907557,11.19
04/29/19,15:44:30,4.56,8.17,30.75,50530.0,10.50,100.5,2.88,-53.6,8.91,32.36,32340,-0.2,2019-04-29 15:44:30,2019-04-29-15-44,42.182770008221269,-70.169631633907557,11.19
04/29/19,15:44:35,4.63,8.17,26.04,50480.0,10.47,100.4,3.29,-53.9,8.69,32.34,32300,-0.2,2019-04-29 15:44:35,2019-04-29-15-44,42.182770008221269,-70.169631633907557,11.19
04/29/19,15:44:40,4.83,8.18,21.21,50340.0,10.42,100.4,5.44,-54.6,8.99,32.27,32220,-0.2,2019-04-29 15:44:40,2019-04-29-15-44,42.182770008221269,-70.169631633907557,11.19
04/29/19,15:44:45,5.54,8.22,16.21,49930.0,10.28,100.5,4.94,-56.7,8.96,32.07,31950,-0.2,2019-04-29 15:44:45,2019-04-29-15-44,42.182770008221269,-70.169631633907557,11.19
04/29/19,15:44:50,5.85,8.25,11.36,49760.0,10.27,101.1,5.79,-58.4,8.96,31.99,31840,-0.2,2019-04-29 15:44:50,2019-04-29-15-44,42.182770008221269,-70.169631633907557,11.19
04/29/19,15:44:55,6.12,8.26,6.64,49750.0,10.62,105.3,3.90,-59.0,8.99,32.01,31840,-0.2,2019-04-29 15:44:55,2019-04-29-15-44,42.182770008221269,-70.169631633907557,11.19
04/29/19,15:45:00,6.83,8.24,1.57,49860.0,10.53,106.2,1.81,-58.3,8.98,32.17,31910,-0.2,2019-04-29 15:45:00,2019-04-29-15-45,42.182752825319767,-70.169170210137963,6.39
04/29/19,15:45:05,7.24,8.24,0.16,49180.0,10.57,107.3,0.67,-58.0,8.74,31.73,31480,-0.2,2019-04-29 15:45:05,2019-04-29-15-45,42.182752825319767,-70.169170210137963,6.39
04/30/19,12:31:40,7.37,8.21,3.31,49580.0,9.14,93.3,1.38,-56.8,8.94,32.02,31730,-0.3,2019-04-30 12:31:40,2019-04-30-12-31,42.187728993594646,-70.544991362839937,8.789999999999999
04/30/19,12:31:45,7.12,8.21,9.17,49630.0,9.38,95.2,2.08,-56.5,8.98,32.03,31760,-0.3,2019-04-30 12:31:45,2019-04-30-12-31,42.187728993594646,-70.544991362839937,8.789999999999999
04/30/19,12:31:50,6.48,8.21,15.64,49790.0,9.65,96.5,1.29,-56.3,8.83,32.08,31870,-0.3,2019-04-30 12:31:50,2019-04-30-12-31,42.187728993594646,-70.544991362839937,8.789999999999999
04/30/19,12:31:55,5.00,8.18,22.47,50280.0,10.03,97.0,1.24,-54.2,8.94,32.25,32180,-0.3,2019-04-30 12:31:55,2019-04-30-12-31,42.187728993594646,-70.544991362839937,8.789999999999999
04/30/19,12:32:00,4.94,8.16,26.11,50330.0,10.04,97.0,2.79,-53.3,8.93,32.28,32210,-0.2,2019-04-30 12:32:00,2019-04-30-12-32,42.188530471175909,-70.541699789464474,6.39
04/30/19,12:32:05,4.94,8.16,26.17,50320.0,10.06,97.2,1.01,-53.3,8.69,32.27,32200,-0.3,2019-04-30 12:32:05,2019-04-30-12-32,42.188530471175909,-70.541699789464474,6.39
04/30/19,12:32:10,4.94,8.16,23.48,50310.0,10.09,97.5,1.19,-53.2,8.81,32.26,32200,-0.3,2019-04-30 12:32:10,2019-04-30-12-32,42.188530471175909,-70.541699789464474,6.39
04/30/19,12:32:15,5.27,8.16,18.50,50120.0,10.06,97.9,1.10,-53.5,8.84,32.17,32070,-0.3,2019-04-30 12:32:15,2019-04-30-12-32,42.188530471175909,-70.541699789464474,6.39
04/30/19,12:32:20,6.46,8.19,14.04,49800.0,9.86,98.6,1.13,-55.3,8.68,32.08,31870,-0.3,2019-04-30 12:32:20,2019-04-30-12-32,42.188530471175909,-70.541699789464474,6.39
04/30/19,12:32:25,6.99,8.21,9.35,49470.0,9.88,99.9,1.80,-56.3,8.76,31.91,31660,-0.2,2019-04-30 12:32:25,2019-04-30-12-32,42.188530471175909,-70.541699789464474,6.39
04/30/19,12:32:30,7.23,8.21,4.83,49480.0,9.90,100.7,1.98,-56.8,8.81,31.94,31670,-0.2,2019-04-30 12:32:30,2019-04-30-12-32,42.188530471175909,-70.541699789464474,6.39
04/30/19,12:32:35,7.43,8.22,0.35,49390.0,10.02,102.3,1.12,-57.2,8.78,31.89,31610,-0.3,2019-04-30 12:32:35,2019-04-30-12-32,42.188530471175909,-70.541699789464474,6.39
04/30/19,12:32:40,7.53,8.22,0.14,49420.0,10.14,103.8,0.55,-57.3,8.88,31.92,31630,-0.3,2019-04-30 12:32:40,2019-04-30-12-32,42.188530471175909,-70.541699789464474,6.39
04/30/19,12:54:10,7.38,8.21,0.53,49260.0,9.48,96.6,0.68,-56.8,8.98,31.79,31520,-0.2,2019-04-30 12:54:10,2019-04-30-12-54,42.187145864591002,-70.474423617124557,9.27
04/30/19,12:54:15,6.97,8.23,6.24,49400.0,9.67,97.7,1.82,-57.4,8.81,31.86,31620,-0.2,2019-04-30 12:54:15,2019-04-30-12-54,42.187145864591002,-70.474423617124557,9.27
04/30/19,12:54:20,6.86,8.21,12.92,49420.0,9.77,98.5,1.44,-56.7,8.89,31.86,31630,-0.2,2019-04-30 12:54:20,2019-04-30-12-54,42.187145864591002,-70.474423617124557,9.27
04/30/19,12:54:25,5.33,8.19,19.15,50180.0,10.17,99.1,1.03,-55.3,8.96,32.22,32110,-0.2,2019-04-30 12:54:25,2019-04-30-12-54,42.187145864591002,-70.474423617124557,9.27
04/30/19,12:54:30,4.97,8.17,25.77,50240.0,10.23,98.8,1.21,-53.6,8.89,32.21,32150,-0.2,2019-04-30 12:54:30,2019-04-30-12-54,42.187145864591002,-70.474423617124557,9.27
04/30/19,12:54:35,4.96,8.16,26.49,50160.0,10.23,98.7,1.20,-53.4,8.89,32.16,32100,-0.2,2019-04-30 12:54:35,2019-04-30-12-54,42.187145864591002,-70.474423617124557,9.27
04/30/19,12:54:40,4.97,8.16,26.43,50170.0,10.22,98.7,1.19,-53.4,8.74,32.17,32110,-0.2,2019-04-30 12:54:40,2019-04-30-12-54,42.187145864591002,-70.474423617124557,9.27
04/30/19,12:54:45,4.99,8.16,22.01,50180.0,10.25,99.1,1.06,-53.4,8.71,32.18,32120,-0.2,2019-04-30 12:54:45,2019-04-30-12-54,42.187145864591002,-70.474423617124557,9.27
04/30/19,12:54:50,5.46,8.17,17.36,49920.0,10.15,99.1,1.06,-53.9,8.69,32.05,31950,-0.2,2019-04-30 12:54:50,2019-04-30-12-54,42.187145864591002,-70.474423617124557,9.27
04/30/19,12:54:55,6.88,8.20,12.01,49470.0,9.87,99.5,1.33,-55.9,8.74,31.89,31660,-0.2,2019-04-30 12:54:55,2019-04-30-12-54,42.187145864591002,-70.474423617124557,9.27
04/30/19,12:55:00,6.99,8.22,6.60,49350.0,9.96,100.6,1.74,-56.9,8.84,31.82,31580,-0.2,2019-04-30 12:55:00,2019-04-30-12-55,42.186751328408718,-70.471334466710687,12.15
04/30/19,12:55:05,7.08,8.23,1.04,49200.0,10.01,101.3,1.21,-57.9,8.83,31.72,31480,-0.2,2019-04-30 12:55:05,2019-04-30-12-55,42.186751328408718,-70.471334466710687,12.15
04/30/19,13:20:00,6.84,8.23,5.09,49390.0,9.60,96.7,2.18,-57.8,8.88,31.83,31610,-0.2,2019-04-30 13:20:00,2019-04-30-13-20,42.1766103990376,-70.384832806885242,10.23
04/30/19,13:20:05,6.12,8.22,12.85,49300.0,9.93,98.2,1.33,-57.0,8.88,31.69,31550,-0.3,2019-04-30 13:20:05,2019-04-30-13-20,42.1766103990376,-70.384832806885242,10.23
04/30/19,13:20:10,4.94,8.18,20.06,50160.0,10.19,98.3,1.55,-54.5,8.93,32.16,32100,-0.3,2019-04-30 13:20:10,2019-04-30-13-20,42.1766103990376,-70.384832806885242,10.23
04/30/19,13:20:15,4.91,8.17,25.05,50170.0,10.19,98.3,1.31,-53.9,8.69,32.16,32110,-0.2,2019-04-30 13:20:15,2019-04-30-13-20,42.1766103990376,-70.384832806885242,10.23
04/30/19,13:20:20,4.92,8.17,24.97,50190.0,10.21,98.5,3.88,-53.9,8.96,32.17,32120,-0.3,2019-04-30 13:20:20,2019-04-30-13-20,42.1766103990376,-70.384832806885242,10.23
04/30/19,13:20:25,4.92,8.17,22.47,50230.0,10.23,98.7,1.38,-53.9,8.88,32.21,32150,-0.3,2019-04-30 13:20:25,2019-04-30-13-20,42.1766103990376,-70.384832806885242,10.23
04/30/19,13:20:30,4.97,8.17,17.80,50190.0,10.23,98.8,1.52,-54.0,8.84,32.18,32120,-0.3,2019-04-30 13:20:30,2019-04-30-13-20,42.1766103990376,-70.384832806885242,10.23
04/30/19,13:20:35,5.94,8.18,12.88,49980.0,10.05,99.4,0.94,-54.8,8.96,32.16,31990,-0.3,2019-04-30 13:20:35,2019-04-30-13-20,42.1766103990376,-70.384832806885242,10.23
04/30/19,13:20:40,6.77,8.22,8.07,49420.0,9.96,100.1,2.83,-56.9,8.96,31.85,31630,-0.3,2019-04-30 13:20:40,2019-04-30-13-20,42.1766103990376,-70.384832806885242,10.23
04/30/19,13:20:45,6.84,8.24,3.13,49380.0,10.02,100.9,2.38,-58.2,8.74,31.82,31600,-0.2,2019-04-30 13:20:45,2019-04-30-13-20,42.1766103990376,-70.384832806885242,10.23
04/30/19,13:20:50,7.31,8.25,0.24,49290.0,10.08,102.5,0.71,-58.6,8.88,31.81,31540,-0.3,2019-04-30 13:20:50,2019-04-30-13-20,42.1766103990376,-70.384832806885242,10.23
04/30/19,13:49:30,6.50,8.25,5.08,49270.0,9.81,98.0,5.30,-58.7,8.91,31.72,31530,-0.2,2019-04-30 13:49:30,2019-04-30-13-49,42.171454438939691,-70.340586751699448,9.27
04/30/19,13:49:35,6.36,8.25,11.99,49510.0,9.96,99.2,8.36,-58.7,8.81,31.87,31690,-0.2,2019-04-30 13:49:35,2019-04-30-13-49,42.171454438939691,-70.340586751699448,9.27
04/30/19,13:49:40,4.77,8.20,18.88,50180.0,10.33,99.3,2.25,-55.6,8.71,32.15,32110,-0.2,2019-04-30 13:49:40,2019-04-30-13-49,42.171454438939691,-70.340586751699448,9.27
04/30/19,13:49:45,4.29,8.14,24.26,50560.0,10.41,99.0,2.08,-52.1,8.69,32.35,32360,-0.2,2019-04-30 13:49:45,2019-04-30-13-49,42.171454438939691,-70.340586751699448,9.27
04/30/19,13:49:50,4.28,8.13,29.61,50560.0,10.37,98.6,2.02,-51.3,8.76,32.34,32360,-0.2,2019-04-30 13:49:50,2019-04-30-13-49,42.171454438939691,-70.340586751699448,9.27
04/30/19,13:49:55,4.29,8.12,30.34,50520.0,10.35,98.4,1.94,-51.1,8.71,32.32,32330,-0.2,2019-04-30 13:49:55,2019-04-30-13-49,42.171454438939691,-70.340586751699448,9.27
04/30/19,13:50:00,4.29,8.13,30.23,50480.0,10.33,98.2,1.43,-51.2,8.79,32.29,32300,-0.2,2019-04-30 13:50:00,2019-04-30-13-50,42.171540688723326,-70.340667050331831,7.83
04/30/19,13:50:05,4.29,8.13,26.53,50630.0,10.31,98.1,3.21,-51.2,8.89,32.40,32400,-0.2,2019-04-30 13:50:05,2019-04-30-13-50,42.171540688723326,-70.340667050331831,7.83
04/30/19,13:50:10,4.31,8.13,21.66,50530.0,10.30,98.0,4.89,-51.3,8.84,32.33,32340,-0.2,2019-04-30 13:50:10,2019-04-30-13-50,42.171540688723326,-70.340667050331831,7.83
04/30/19,13:50:15,4.89,8.16,16.54,50250.0,10.15,97.9,2.30,-53.0,8.89,32.21,32160,-0.2,2019-04-30 13:50:15,2019-04-30-13-50,42.171540688723326,-70.340667050331831,7.83
04/30/19,13:50:20,6.29,8.20,11.35,49610.0,9.87,98.2,4.06,-55.8,8.76,31.93,31750,-0.2,2019-04-30 13:50:20,2019-04-30-13-50,42.171540688723326,-70.340667050331831,7.83
04/30/19,13:50:25,6.48,8.25,6.75,49370.0,9.86,98.4,6.30,-58.6,8.86,31.78,31600,-0.2,2019-04-30 13:50:25,2019-04-30-13-50,42.171540688723326,-70.340667050331831,7.83
04/30/19,13:50:30,6.58,8.27,1.86,49410.0,10.43,104.4,5.58,-59.5,8.86,31.82,31620,-0.2,2019-04-30 13:50:30,2019-04-30-13-50,42.171540688723326,-70.340667050331831,7.83
04/30/19,14:11:10,6.25,8.26,4.71,49530.0,9.93,98.7,4.96,-58.9,8.74,31.87,31700,-0.3,2019-04-30 14:11:10,2019-04-30-14-11,42.175082378089428,-70.304020447656512,7.35
04/30/19,14:11:15,5.86,8.26,10.67,49720.0,10.10,99.5,8.05,-58.8,8.81,31.96,31820,-0.2,2019-04-30 14:11:15,2019-04-30-14-11,42.175082378089428,-70.304020447656512,7.35
04/30/19,14:11:20,5.02,8.22,17.22,50170.0,10.32,99.8,7.55,-56.5,8.81,32.17,32100,-0.2,2019-04-30 14:11:20,2019-04-30-14-11,42.175082378089428,-70.304020447656512,7.35
04/30/19,14:11:25,4.48,8.17,23.46,50430.0,10.51,100.4,2.89,-53.4,8.86,32.28,32270,-0.2,2019-04-30 14:11:25,2019-04-30-14-11,42.175082378089428,-70.304020447656512,7.35
04/30/19,14:11:30,4.44,8.15,28.04,50450.0,10.46,99.8,3.64,-52.3,8.88,32.29,32290,-0.2,2019-04-30 14:11:30,2019-04-30-14-11,42.175082378089428,-70.304020447656512,7.35
04/30/19,14:11:35,4.44,8.14,27.65,50450.0,10.44,99.6,3.53,-52.2,8.69,32.29,32280,-0.2,2019-04-30 14:11:35,2019-04-30-14-11,42.175082378089428,-70.304020447656512,7.35
04/30/19,14:11:40,4.45,8.14,27.40,50440.0,10.42,99.4,3.50,-52.2,8.61,32.29,32280,-0.2,2019-04-30 14:11:40,2019-04-30-14-11,42.175082378089428,-70.304020447656512,7.35
04/30/19,14:11:45,4.46,8.14,23.19,50440.0,10.41,99.4,3.75,-52.2,8.74,32.29,32280,-0.3,2019-04-30 14:11:45,2019-04-30-14-11,42.175082378089428,-70.304020447656512,7.35
04/30/19,14:11:50,4.65,8.15,18.16,50300.0,10.36,99.3,5.53,-52.7,8.89,32.22,32190,-0.3,2019-04-30 14:11:50,2019-04-30-14-11,42.175082378089428,-70.304020447656512,7.35
04/30/19,14:11:55,5.47,8.19,12.69,49800.0,10.17,99.3,9.57,-55.2,8.81,31.97,31870,-0.2,2019-04-30 14:11:55,2019-04-30-14-11,42.175082378089428,-70.304020447656512,7.35
04/30/19,14:12:00,6.05,8.24,8.27,49550.0,10.09,99.8,15.11,-57.9,8.83,31.86,31710,-0.2,2019-04-30 14:12:00,2019-04-30-14-12,42.17521196231246,-70.300536844879389,8.789999999999999
04/30/19,14:12:05,6.22,8.27,3.39,49430.0,10.13,100.5,9.33,-59.4,8.81,31.79,31630,-0.2,2019-04-30 14:12:05,2019-04-30-14-12,42.17521196231246,-70.300536844879389,8.789999999999999
04/30/19,14:12:10,6.99,8.26,0.16,49350.0,10.66,107.7,0.74,-59.2,8.79,31.82,31580,-0.2,2019-04-30 14:12:10,2019-04-30-14-12,42.17521196231246,-70.300536844879389,8.789999999999999
04/30/19,14:36:50,6.92,8.23,0.67,49260.0,9.89,99.8,2.99,-57.9,8.93,31.75,31530,-0.2,2019-04-30 14:36:50,2019-04-30-14-36,42.177647408097982,-70.263969032093883,6.87
04/30/19,14:36:55,6.93,8.24,0.75,49300.0,9.92,100.0,1.84,-58.2,8.88,31.78,31550,-0.2,2019-04-30 14:36:55,2019-04-30-14-36,42.177647408097982,-70.263969032093883,6.87
04/30/19,14:37:00,6.25,8.25,6.85,49430.0,10.35,102.8,3.30,-58.4,8.79,31.80,31630,-0.2,2019-04-30 14:37:00,2019-04-30-14-37,42.177734915167093,-70.261420346796513,6.87
04/30/19,14:37:05,5.70,8.24,13.79,49840.0,10.66,104.6,4.82,-58.0,8.91,32.02,31890,-0.2,2019-04-30 14:37:05,2019-04-30-14-37,42.177734915167093,-70.261420346796513,6.87
04/30/19,14:37:10,4.32,8.16,20.58,50470.0,10.84,103.2,2.15,-53.2,8.66,32.29,32300,-0.2,2019-04-30 14:37:10,2019-04-30-14-37,42.177734915167093,-70.261420346796513,6.87
04/30/19,14:37:15,4.21,8.12,27.59,50610.0,10.72,101.7,1.30,-51.1,8.68,32.37,32390,-0.2,2019-04-30 14:37:15,2019-04-30-14-37,42.177734915167093,-70.261420346796513,6.87
04/30/19,14:37:20,4.20,8.12,33.77,50630.0,10.59,100.6,1.64,-50.7,8.84,32.38,32400,-0.2,2019-04-30 14:37:20,2019-04-30-14-37,42.177734915167093,-70.261420346796513,6.87
04/30/19,14:37:25,4.20,8.12,33.51,50650.0,10.55,100.1,2.63,-50.6,8.84,32.40,32410,-0.2,2019-04-30 14:37:25,2019-04-30-14-37,42.177734915167093,-70.261420346796513,6.87
04/30/19,14:37:30,4.20,8.12,33.01,50640.0,10.48,99.5,1.17,-50.7,8.74,32.39,32410,-0.2,2019-04-30 14:37:30,2019-04-30-14-37,42.177734915167093,-70.261420346796513,6.87
04/30/19,14:37:35,4.20,8.12,29.08,50600.0,10.44,99.2,2.09,-50.7,8.66,32.36,32380,-0.2,2019-04-30 14:37:35,2019-04-30-14-37,42.177734915167093,-70.261420346796513,6.87
04/30/19,14:37:40,4.22,8.12,24.26,50610.0,10.38,98.6,1.70,-50.8,8.64,32.38,32390,-0.2,2019-04-30 14:37:40,2019-04-30-14-37,42.177734915167093,-70.261420346796513,6.87
04/30/19,14:37:45,4.30,8.13,19.73,50600.0,10.26,97.7,1.93,-51.3,8.79,32.38,32380,-0.2,2019-04-30 14:37:45,2019-04-30-14-37,42.177734915167093,-70.261420346796513,6.87
04/30/19,14:37:50,4.82,8.16,15.65,50240.0,10.09,97.2,8.12,-53.4,8.73,32.20,32150,-0.2,2019-04-30 14:37:50,2019-04-30-14-37,42.177734915167093,-70.261420346796513,6.87
04/30/19,14:37:55,5.88,8.22,11.83,49730.0,9.88,97.4,3.45,-56.7,8.79,31.97,31820,-0.2,2019-04-30 14:37:55,2019-04-30-14-37,42.177734915167093,-70.261420346796513,6.87
04/30/19,14:38:00,6.16,8.25,7.88,49550.0,9.90,98.2,8.82,-58.3,8.74,31.87,31710,-0.2,2019-04-30 14:38:00,2019-04-30-14-38,42.177886879071593,-70.258746352046728,8.789999999999999
04/30/19,14:38:05,6.33,8.26,3.71,49480.0,10.00,99.5,4.35,-58.9,8.89,31.84,31670,-0.2,2019-04-30 14:38:05,2019-04-30-14-38,42.177886879071593,-70.258746352046728,8.789999999999999
04/30/19,14:38:10,6.91,8.26,0.25,49310.0,9.95,100.3,1.78,-59.2,8.84,31.78,31550,-0.2,2019-04-30 14:38:10,2019-04-30-14-38,42.177886879071593,-70.258746352046728,8.789999999999999
04/30/19,14:58:30,7.02,8.21,0.49,49330.0,9.58,96.9,0.51,-56.7,8.83,31.81,31570,-0.2,2019-04-30 14:58:30,2019-04-30-14-58,42.181001845747232,-70.207174345850945,9.27
04/30/19,14:58:35,7.00,8.22,0.59,49350.0,9.75,98.5,1.06,-57.2,8.88,31.82,31580,-0.2,2019-04-30 14:58:35,2019-04-30-14-58,42.181001845747232,-70.207174345850945,9.27
04/30/19,14:58:40,6.75,8.23,3.45,49420.0,9.85,99.0,0.77,-57.5,8.83,31.85,31630,-0.2,2019-04-30 14:58:40,2019-04-30-14-58,42.181001845747232,-70.207174345850945,9.27
04/30/19,14:58:45,6.40,8.23,8.73,49550.0,10.01,99.8,1.47,-57.7,8.83,31.90,31710,-0.2,2019-04-30 14:58:45,2019-04-30-14-58,42.181001845747232,-70.207174345850945,9.27
04/30/19,14:58:50,5.76,8.24,13.77,49700.0,10.37,101.9,2.51,-57.6,8.73,31.94,31810,-0.2,2019-04-30 14:58:50,2019-04-30-14-58,42.181001845747232,-70.207174345850945,9.27
04/30/19,14:58:55,4.75,8.19,19.44,50250.0,10.59,101.8,5.14,-55.0,8.81,32.19,32160,-0.3,2019-04-30 14:58:55,2019-04-30-14-58,42.181001845747232,-70.207174345850945,9.27
04/30/19,14:59:00,4.55,8.17,24.77,50390.0,10.58,101.2,7.24,-53.4,8.69,32.26,32250,-0.2,2019-04-30 14:59:00,2019-04-30-14-59,42.181081222370267,-70.207066219300032,8.310000000000001
04/30/19,14:59:05,4.39,8.15,29.68,50470.0,10.56,100.6,3.55,-52.4,8.83,32.30,32300,-0.2,2019-04-30 14:59:05,2019-04-30-14-59,42.181081222370267,-70.207066219300032,8.310000000000001
04/30/19,14:59:10,4.38,8.14,31.00,50450.0,10.54,100.4,4.20,-52.1,8.71,32.28,32290,-0.3,2019-04-30 14:59:10,2019-04-30-14-59,42.181081222370267,-70.207066219300032,8.310000000000001
04/30/19,14:59:15,4.39,8.14,30.85,50500.0,10.50,100.1,3.56,-52.2,8.68,32.32,32320,-0.2,2019-04-30 14:59:15,2019-04-30-14-59,42.181081222370267,-70.207066219300032,8.310000000000001
04/30/19,14:59:20,4.39,8.14,30.26,50490.0,10.44,99.5,7.17,-52.2,8.71,32.31,32310,-0.2,2019-04-30 14:59:20,2019-04-30-14-59,42.181081222370267,-70.207066219300032,8.310000000000001
04/30/19,14:59:25,4.42,8.14,26.09,50400.0,10.40,99.2,4.37,-52.2,8.74,32.25,32250,-0.2,2019-04-30 14:59:25,2019-04-30-14-59,42.181081222370267,-70.207066219300032,8.310000000000001
04/30/19,14:59:30,4.59,8.16,21.65,50340.0,10.33,98.9,5.05,-53.0,8.59,32.24,32220,-0.2,2019-04-30 14:59:30,2019-04-30-14-59,42.181081222370267,-70.207066219300032,8.310000000000001
04/30/19,14:59:35,4.82,8.17,16.88,50190.0,10.28,98.9,5.32,-53.9,8.81,32.16,32120,-0.2,2019-04-30 14:59:35,2019-04-30-14-59,42.181081222370267,-70.207066219300032,8.310000000000001
04/30/19,14:59:40,5.73,8.21,11.97,49740.0,10.08,99.1,3.17,-55.8,8.69,31.96,31830,-0.2,2019-04-30 14:59:40,2019-04-30-14-59,42.181081222370267,-70.207066219300032,8.310000000000001
04/30/19,14:59:45,6.38,8.24,6.74,49530.0,10.02,99.8,1.64,-58.1,8.64,31.88,31700,-0.3,2019-04-30 14:59:45,2019-04-30-14-59,42.181081222370267,-70.207066219300032,8.310000000000001
04/30/19,14:59:50,6.67,8.25,2.17,49440.0,10.55,105.8,1.10,-58.4,8.64,31.85,31640,-0.2,2019-04-30 14:59:50,2019-04-30-14-59,42.181081222370267,-70.207066219300032,8.310000000000001
04/30/19,14:59:55,6.95,8.24,0.25,49320.0,10.57,106.7,0.46,-58.5,8.79,31.79,31560,-0.2,2019-04-30 14:59:55,2019-04-30-14-59,42.181081222370267,-70.207066219300032,8.310000000000001
04/30/19,15:21:10,6.70,8.23,0.68,49470.0,10.04,100.8,0.91,-57.8,8.89,31.88,31660,-0.2,2019-04-30 15:21:10,2019-04-30-15-21,42.184540433809161,-70.166580872610211,5.42
04/30/19,15:21:15,6.40,8.24,4.88,49500.0,10.18,101.5,1.43,-58.2,8.74,31.87,31680,-0.2,2019-04-30 15:21:15,2019-04-30-15-21,42.184540433809161,-70.166580872610211,5.42
04/30/19,15:21:20,5.66,8.24,10.58,49910.0,10.41,102.1,1.68,-58.1,8.66,32.07,31940,-0.2,2019-04-30 15:21:20,2019-04-30-15-21,42.184540433809161,-70.166580872610211,5.42
04/30/19,15:21:25,4.65,8.21,15.47,50340.0,10.56,101.2,5.27,-55.8,8.83,32.24,32210,-0.2,2019-04-30 15:21:25,2019-04-30-15-21,42.184540433809161,-70.166580872610211,5.42
04/30/19,15:21:30,4.39,8.16,22.02,50490.0,10.53,100.4,3.22,-53.4,8.89,32.32,32310,-0.3,2019-04-30 15:21:30,2019-04-30-15-21,42.184540433809161,-70.166580872610211,5.42
04/30/19,15:21:35,4.34,8.15,27.91,50490.0,10.52,100.1,3.24,-52.7,8.64,32.30,32310,-0.2,2019-04-30 15:21:35,2019-04-30-15-21,42.184540433809161,-70.166580872610211,5.42
04/30/19,15:21:40,4.34,8.15,29.16,50530.0,10.47,99.7,9.31,-52.5,8.83,32.33,32340,-0.2,2019-04-30 15:21:40,2019-04-30-15-21,42.184540433809161,-70.166580872610211,5.42
04/30/19,15:21:45,4.33,8.15,29.15,50540.0,10.45,99.5,3.18,-52.4,8.76,32.34,32340,-0.2,2019-04-30 15:21:45,2019-04-30-15-21,42.184540433809161,-70.166580872610211,5.42
04/30/19,15:21:50,4.35,8.15,25.98,50550.0,10.42,99.3,2.62,-52.5,8.63,32.35,32350,-0.2,2019-04-30 15:21:50,2019-04-30-15-21,42.184540433809161,-70.166580872610211,5.42
04/30/19,15:21:55,4.39,8.15,21.16,50510.0,10.35,98.7,4.64,-52.7,8.53,32.33,32320,-0.2,2019-04-30 15:21:55,2019-04-30-15-21,42.184540433809161,-70.166580872610211,5.42
04/30/19,15:22:00,4.51,8.16,16.98,50380.0,10.31,98.5,4.81,-53.0,8.64,32.25,32240,-0.2,2019-04-30 15:22:00,2019-04-30-15-22,42.184695666655898,-70.16291119158268,6.39
04/30/19,15:22:05,4.85,8.18,13.51,50070.0,10.22,98.3,4.64,-54.3,8.53,32.08,32040,-0.2,2019-04-30 15:22:05,2019-04-30-15-22,42.184695666655898,-70.16291119158268,6.39
04/30/19,15:22:10,5.66,8.22,9.90,49710.0,10.07,98.7,2.34,-56.5,8.69,31.93,31820,-0.3,2019-04-30 15:22:10,2019-04-30-15-22,42.184695666655898,-70.16291119158268,6.39
04/30/19,15:22:15,6.26,8.24,5.97,49550.0,9.97,99.1,1.54,-58.2,8.83,31.89,31710,-0.2,2019-04-30 15:22:15,2019-04-30-15-22,42.184695666655898,-70.16291119158268,6.39
04/30/19,15:22:20,6.63,8.25,2.37,49510.0,10.45,104.7,1.17,-58.7,8.63,31.89,31680,-0.2,2019-04-30 15:22:20,2019-04-30-15-22,42.184695666655898,-70.16291119158268,6.39
04/30/19,15:22:25,6.69,8.25,0.15,49230.0,10.59,106.1,0.92,-58.8,8.86,31.70,31500,-0.2,2019-04-30 15:22:25,2019-04-30-15-22,42.184695666655898,-70.16291119158268,6.39
